0,5
0.001,5.01666
0.002,5.03306
0.003,5.04918
0.004,5.06504
0.005,5.08064
0.006,5.09602
0.007,5.11114
0.008,5.12604
0.009,5.14074
0.01,5.1552
0.011,5.16946
0.012,5.18352
0.013,5.1974
0.014,5.21108
0.015,5.22456
0.016,5.23788
0.017,5.25104
0.018,5.26402
0.019,5.27684
0.02,5.28948
0.021,5.302
0.022,5.31436
0.023,5.32656
0.024,5.33864
0.025,5.35056
0.026,5.36236
0.027,5.37404
0.028,5.38558
0.029,5.397
0.03,5.4083
0.031,5.41948
0.032,5.43056
0.033,5.44152
0.034,5.45236
0.035,5.4631
0.036,5.47374
0.037,5.48428
0.038,5.49474
0.039,5.50508
0.04,5.51534
0.041,5.5255
0.042,5.53556
0.043,5.54554
0.044,5.55544
0.045,5.56526
0.046,5.575
0.047,5.58466
0.048,5.59422
0.049,5.60372
0.05,5.61316
0.051,5.6225
0.052,5.63178
0.053,5.641
0.054,5.65014
0.055,5.65922
0.056,5.66822
0.057,5.67716
0.058,5.68604
0.059,5.69486
0.06,5.70362
0.061,5.7123
0.062,5.72094
0.063,5.72952
0.064,5.73804
0.065,5.74652
0.066,5.75492
0.067,5.76328
0.068,5.77158
0.069,5.77984
0.07,5.78804
0.071,5.7962
0.072,5.8043
0.073,5.81236
0.074,5.82036
0.075,5.82832
0.076,5.83624
0.077,5.84412
0.078,5.85194
0.079,5.85972
0.08,5.86746
0.081,5.87516
0.082,5.88282
0.083,5.89042
0.084,5.898
0.085,5.90554
0.086,5.91302
0.087,5.92048
0.088,5.9279
0.089,5.93528
0.09,5.94262
0.091,5.94994
0.092,5.9572
0.093,5.96444
0.094,5.97164
0.095,5.9788
0.096,5.98594
0.097,5.99304
0.098,6.0001
0.099,6.00714
0.1,6.01414
0.101,6.0211
0.102,6.02804
0.103,6.03496
0.104,6.04182
0.105,6.04868
0.106,6.0555
0.107,6.06228
0.108,6.06904
0.109,6.07576
0.11,6.08246
0.111,6.08914
0.112,6.09578
0.113,6.1024
0.114,6.109
0.115,6.11556
0.116,6.1221
0.117,6.12862
0.118,6.1351
0.119,6.14156
0.12,6.148
0.121,6.15442
0.122,6.1608
0.123,6.16716
0.124,6.1735
0.125,6.17982
0.126,6.18612
0.127,6.19238
0.128,6.19862
0.129,6.20486
0.13,6.21106
0.131,6.21722
0.132,6.22338
0.133,6.22952
0.134,6.23564
0.135,6.24172
0.136,6.2478
0.137,6.25384
0.138,6.25988
0.139,6.26588
0.14,6.27188
0.141,6.27784
0.142,6.2838
0.143,6.28972
0.144,6.29564
0.145,6.30152
0.146,6.3074
0.147,6.31324
0.148,6.31908
0.149,6.3249
0.15,6.3307
0.151,6.33646
0.152,6.34222
0.153,6.34798
0.154,6.3537
0.155,6.3594
0.156,6.3651
0.157,6.37076
0.158,6.37642
0.159,6.38206
0.16,6.38768
0.161,6.39328
0.162,6.39888
0.163,6.40444
0.164,6.41
0.165,6.41554
0.166,6.42106
0.167,6.42658
0.168,6.43206
0.169,6.43754
0.17,6.443
0.171,6.44846
0.172,6.45388
0.173,6.4593
0.174,6.4647
0.175,6.47008
0.176,6.47546
0.177,6.48082
0.178,6.48616
0.179,6.49148
0.18,6.4968
0.181,6.5021
0.182,6.50738
0.183,6.51266
0.184,6.51792
0.185,6.52316
0.186,6.52838
0.187,6.5336
0.188,6.5388
0.189,6.544
0.19,6.54918
0.191,6.55434
0.192,6.5595
0.193,6.56462
0.194,6.56976
0.195,6.57486
0.196,6.57996
0.197,6.58506
0.198,6.59014
0.199,6.5952
0.2,6.60024
0.201,6.60528
0.202,6.6103
0.203,6.61532
0.204,6.62032
0.205,6.62532
0.206,6.6303
0.207,6.63526
0.208,6.64022
0.209,6.64516
0.21,6.65008
0.211,6.655
0.212,6.65992
0.213,6.66482
0.214,6.6697
0.215,6.67458
0.216,6.67944
0.217,6.6843
0.218,6.68914
0.219,6.69396
0.22,6.69878
0.221,6.7036
0.222,6.7084
0.223,6.71318
0.224,6.71796
0.225,6.72274
0.226,6.7275
0.227,6.73224
0.228,6.73698
0.229,6.7417
0.23,6.74642
0.231,6.75112
0.232,6.75582
0.233,6.7605
0.234,6.76518
0.235,6.76986
0.236,6.7745
0.237,6.77916
0.238,6.7838
0.239,6.78842
0.24,6.79304
0.241,6.79764
0.242,6.80224
0.243,6.80684
0.244,6.81142
0.245,6.81598
0.246,6.82054
0.247,6.8251
0.248,6.82964
0.249,6.83418
0.25,6.8387
0.251,6.84322
0.252,6.84772
0.253,6.85222
0.254,6.85672
0.255,6.8612
0.256,6.86566
0.257,6.87014
0.258,6.87458
0.259,6.87904
0.26,6.88346
0.261,6.8879
0.262,6.89232
0.263,6.89672
0.264,6.90112
0.265,6.90552
0.266,6.9099
0.267,6.91428
0.268,6.91866
0.269,6.92302
0.27,6.92738
0.271,6.93172
0.272,6.93606
0.273,6.94038
0.274,6.9447
0.275,6.94902
0.276,6.95332
0.277,6.95762
0.278,6.9619
0.279,6.96618
0.28,6.97046
0.281,6.97472
0.282,6.97898
0.283,6.98322
0.284,6.98746
0.285,6.9917
0.286,6.99592
0.287,7.00014
0.288,7.00436
0.289,7.00856
0.29,7.01276
0.291,7.01694
0.292,7.02112
0.293,7.0253
0.294,7.02946
0.295,7.03362
0.296,7.03778
0.297,7.04192
0.298,7.04606
0.299,7.0502
0.3,7.05432
0.301,7.05842
0.302,7.06254
0.303,7.06664
0.304,7.07074
0.305,7.07482
0.306,7.0789
0.307,7.08298
0.308,7.08704
0.309,7.0911
0.31,7.09514
0.311,7.0992
0.312,7.10324
0.313,7.10726
0.314,7.11128
0.315,7.1153
0.316,7.11932
0.317,7.12332
0.318,7.12732
0.319,7.13132
0.32,7.1353
0.321,7.13928
0.322,7.14324
0.323,7.1472
0.324,7.15116
0.325,7.15512
0.326,7.15906
0.327,7.163
0.328,7.16692
0.329,7.17086
0.33,7.17478
0.331,7.17868
0.332,7.1826
0.333,7.1865
0.334,7.19038
0.335,7.19426
0.336,7.19816
0.337,7.20202
0.338,7.2059
0.339,7.20976
0.34,7.2136
0.341,7.21746
0.342,7.2213
0.343,7.22514
0.344,7.22896
0.345,7.2328
0.346,7.23662
0.347,7.24042
0.348,7.24422
0.349,7.24802
0.35,7.25182
0.351,7.25562
0.352,7.2594
0.353,7.26316
0.354,7.26694
0.355,7.2707
0.356,7.27446
0.357,7.27822
0.358,7.28196
0.359,7.2857
0.36,7.28944
0.361,7.29316
0.362,7.29688
0.363,7.3006
0.364,7.30432
0.365,7.30802
0.366,7.31172
0.367,7.31542
0.368,7.3191
0.369,7.32278
0.37,7.32646
0.371,7.33014
0.372,7.3338
0.373,7.33746
0.374,7.34112
0.375,7.34476
0.376,7.3484
0.377,7.35204
0.378,7.35568
0.379,7.3593
0.38,7.36292
0.381,7.36654
0.382,7.37014
0.383,7.37374
0.384,7.37734
0.385,7.38094
0.386,7.38452
0.387,7.38812
0.388,7.39168
0.389,7.39526
0.39,7.39882
0.391,7.40238
0.392,7.40594
0.393,7.4095
0.394,7.41304
0.395,7.41658
0.396,7.4201
0.397,7.42364
0.398,7.42716
0.399,7.43068
0.4,7.4342
0.401,7.4377
0.402,7.4412
0.403,7.4447
0.404,7.4482
0.405,7.45168
0.406,7.45516
0.407,7.45864
0.408,7.4621
0.409,7.46558
0.41,7.46904
0.411,7.4725
0.412,7.47594
0.413,7.47938
0.414,7.48282
0.415,7.48626
0.416,7.4897
0.417,7.49312
0.418,7.49654
0.419,7.49996
0.42,7.50336
0.421,7.50678
0.422,7.51018
0.423,7.51356
0.424,7.51696
0.425,7.52034
0.426,7.52372
0.427,7.5271
0.428,7.53048
0.429,7.53384
0.43,7.5372
0.431,7.54056
0.432,7.5439
0.433,7.54726
0.434,7.5506
0.435,7.55392
0.436,7.55726
0.437,7.56058
0.438,7.5639
0.439,7.56722
0.44,7.57054
0.441,7.57384
0.442,7.57714
0.443,7.58044
0.444,7.58374
0.445,7.58702
0.446,7.59032
0.447,7.5936
0.448,7.59686
0.449,7.60014
0.45,7.6034
0.451,7.60666
0.452,7.60992
0.453,7.61316
0.454,7.61642
0.455,7.61966
0.456,7.6229
0.457,7.62612
0.458,7.62936
0.459,7.63258
0.46,7.6358
0.461,7.639
0.462,7.64222
0.463,7.64542
0.464,7.64862
0.465,7.65182
0.466,7.655
0.467,7.6582
0.468,7.66138
0.469,7.66456
0.47,7.66772
0.471,7.6709
0.472,7.67406
0.473,7.67722
0.474,7.68038
0.475,7.68352
0.476,7.68666
0.477,7.6898
0.478,7.69294
0.479,7.69608
0.48,7.6992
0.481,7.70234
0.482,7.70546
0.483,7.70856
0.484,7.71168
0.485,7.71478
0.486,7.71788
0.487,7.72098
0.488,7.72408
0.489,7.72716
0.49,7.73024
0.491,7.73332
0.492,7.7364
0.493,7.73948
0.494,7.74254
0.495,7.7456
0.496,7.74866
0.497,7.75172
0.498,7.75476
0.499,7.75782
0.5,7.76086
0.501,7.76388
0.502,7.76692
0.503,7.76996
0.504,7.77298
0.505,7.776
0.506,7.77902
0.507,7.78202
0.508,7.78502
0.509,7.78804
0.51,7.79104
0.511,7.79402
0.512,7.79702
0.513,7.8
0.514,7.80298
0.515,7.80596
0.516,7.80894
0.517,7.8119
0.518,7.81488
0.519,7.81784
0.52,7.8208
0.521,7.82374
0.522,7.8267
0.523,7.82964
0.524,7.83258
0.525,7.83552
0.526,7.83844
0.527,7.84138
0.528,7.8443
0.529,7.84722
0.53,7.85014
0.531,7.85306
0.532,7.85596
0.533,7.85886
0.534,7.86176
0.535,7.86466
0.536,7.86756
0.537,7.87044
0.538,7.87332
0.539,7.8762
0.54,7.87908
0.541,7.88196
0.542,7.88482
0.543,7.88768
0.544,7.89054
0.545,7.8934
0.546,7.89626
0.547,7.8991
0.548,7.90196
0.549,7.9048
0.55,7.90762
0.551,7.91046
0.552,7.91328
0.553,7.91612
0.554,7.91894
0.555,7.92176
0.556,7.92456
0.557,7.92738
0.558,7.93018
0.559,7.93298
0.56,7.93578
0.561,7.93858
0.562,7.94136
0.563,7.94416
0.564,7.94694
0.565,7.94972
0.566,7.95248
0.567,7.95526
0.568,7.95802
0.569,7.96078
0.57,7.96354
0.571,7.9663
0.572,7.96906
0.573,7.9718
0.574,7.97454
0.575,7.97728
0.576,7.98002
0.577,7.98276
0.578,7.98548
0.579,7.98822
0.58,7.99094
0.581,7.99366
0.582,7.99636
0.583,7.99908
0.584,8.00178
0.585,8.00448
0.586,8.00718
0.587,8.00988
0.588,8.01258
0.589,8.01526
0.59,8.01794
0.591,8.02062
0.592,8.0233
0.593,8.02598
0.594,8.02866
0.595,8.03132
0.596,8.03398
0.597,8.03664
0.598,8.0393
0.599,8.04194
0.6,8.0446
0.601,8.04724
0.602,8.04988
0.603,8.05252
0.604,8.05516
0.605,8.05778
0.606,8.0604
0.607,8.06304
0.608,8.06564
0.609,8.06826
0.61,8.07088
0.611,8.07348
0.612,8.0761
0.613,8.0787
0.614,8.0813
0.615,8.08388
0.616,8.08648
0.617,8.08906
0.618,8.09164
0.619,8.09422
0.62,8.0968
0.621,8.09938
0.622,8.10194
0.623,8.10452
0.624,8.10708
0.625,8.10964
0.626,8.11218
0.627,8.11474
0.628,8.1173
0.629,8.11984
0.63,8.12238
0.631,8.12492
0.632,8.12746
0.633,8.12998
0.634,8.1325
0.635,8.13504
0.636,8.13756
0.637,8.14008
0.638,8.14258
0.639,8.1451
0.64,8.1476
0.641,8.1501
0.642,8.1526
0.643,8.1551
0.644,8.1576
0.645,8.16008
0.646,8.16258
0.647,8.16506
0.648,8.16754
0.649,8.17002
0.65,8.1725
0.651,8.17496
0.652,8.17742
0.653,8.1799
0.654,8.18236
0.655,8.1848
0.656,8.18726
0.657,8.1897
0.658,8.19216
0.659,8.1946
0.66,8.19704
0.661,8.19948
0.662,8.2019
0.663,8.20434
0.664,8.20676
0.665,8.20918
0.666,8.2116
0.667,8.21402
0.668,8.21644
0.669,8.21884
0.67,8.22126
0.671,8.22366
0.672,8.22606
0.673,8.22846
0.674,8.23086
0.675,8.23324
0.676,8.23562
0.677,8.23802
0.678,8.2404
0.679,8.24278
0.68,8.24514
0.681,8.24752
0.682,8.24988
0.683,8.25224
0.684,8.25462
0.685,8.25696
0.686,8.25932
0.687,8.26168
0.688,8.26402
0.689,8.26638
0.69,8.26872
0.691,8.27106
0.692,8.27338
0.693,8.27572
0.694,8.27806
0.695,8.28038
0.696,8.2827
0.697,8.28502
0.698,8.28734
0.699,8.28966
0.7,8.29196
0.701,8.29426
0.702,8.29658
0.703,8.29888
0.704,8.30118
0.705,8.30346
0.706,8.30576
0.707,8.30804
0.708,8.31034
0.709,8.31262
0.71,8.3149
0.711,8.31718
0.712,8.31944
0.713,8.32172
0.714,8.32398
0.715,8.32624
0.716,8.32852
0.717,8.33076
0.718,8.33302
0.719,8.33528
0.72,8.33752
0.721,8.33978
0.722,8.34202
0.723,8.34426
0.724,8.34648
0.725,8.34872
0.726,8.35096
0.727,8.35318
0.728,8.3554
0.729,8.35762
0.73,8.35984
0.731,8.36206
0.732,8.36428
0.733,8.36648
0.734,8.36868
0.735,8.3709
0.736,8.3731
0.737,8.3753
0.738,8.37748
0.739,8.37968
0.74,8.38186
0.741,8.38406
0.742,8.38624
0.743,8.38842
0.744,8.3906
0.745,8.39276
0.746,8.39494
0.747,8.3971
0.748,8.39926
0.749,8.40144
0.75,8.4036
0.751,8.40574
0.752,8.4079
0.753,8.41006
0.754,8.4122
0.755,8.41434
0.756,8.41648
0.757,8.41862
0.758,8.42076
0.759,8.4229
0.76,8.42502
0.761,8.42714
0.762,8.42928
0.763,8.4314
0.764,8.43352
0.765,8.43564
0.766,8.43774
0.767,8.43986
0.768,8.44196
0.769,8.44406
0.77,8.44616
0.771,8.44826
0.772,8.45036
0.773,8.45246
0.774,8.45454
0.775,8.45664
0.776,8.45872
0.777,8.4608
0.778,8.46288
0.779,8.46496
0.78,8.46702
0.781,8.4691
0.782,8.47116
0.783,8.47322
0.784,8.4753
0.785,8.47734
0.786,8.4794
0.787,8.48146
0.788,8.48352
0.789,8.48556
0.79,8.4876
0.791,8.48964
0.792,8.49168
0.793,8.49372
0.794,8.49576
0.795,8.49778
0.796,8.49982
0.797,8.50184
0.798,8.50386
0.799,8.50588
0.8,8.5079
0.801,8.50992
0.802,8.51194
0.803,8.51394
0.804,8.51594
0.805,8.51796
0.806,8.51996
0.807,8.52196
0.808,8.52396
0.809,8.52594
0.81,8.52794
0.811,8.52992
0.812,8.5319
0.813,8.5339
0.814,8.53588
0.815,8.53784
0.816,8.53982
0.817,8.5418
0.818,8.54376
0.819,8.54572
0.82,8.5477
0.821,8.54966
0.822,8.55162
0.823,8.55356
0.824,8.55552
0.825,8.55748
0.826,8.55942
0.827,8.56136
0.828,8.5633
0.829,8.56526
0.83,8.56718
0.831,8.56912
0.832,8.57106
0.833,8.57298
0.834,8.57492
0.835,8.57684
0.836,8.57876
0.837,8.58068
0.838,8.5826
0.839,8.5845
0.84,8.58642
0.841,8.58832
0.842,8.59024
0.843,8.59214
0.844,8.59404
0.845,8.59594
0.846,8.59784
0.847,8.59972
0.848,8.60162
0.849,8.6035
0.85,8.6054
0.851,8.60728
0.852,8.60916
0.853,8.61104
0.854,8.61292
0.855,8.61478
0.856,8.61666
0.857,8.61852
0.858,8.62038
0.859,8.62226
0.86,8.62412
0.861,8.62596
0.862,8.62782
0.863,8.62968
0.864,8.63152
0.865,8.63338
0.866,8.63522
0.867,8.63706
0.868,8.6389
0.869,8.64074
0.87,8.64258
0.871,8.64442
0.872,8.64624
0.873,8.64808
0.874,8.6499
0.875,8.65172
0.876,8.65354
0.877,8.65536
0.878,8.65718
0.879,8.65898
0.88,8.6608
0.881,8.6626
0.882,8.66442
0.883,8.66622
0.884,8.66802
0.885,8.66982
0.886,8.67162
0.887,8.6734
0.888,8.6752
0.889,8.67698
0.89,8.67878
0.891,8.68056
0.892,8.68234
0.893,8.68412
0.894,8.6859
0.895,8.68766
0.896,8.68944
0.897,8.69122
0.898,8.69298
0.899,8.69474
0.9,8.6965
0.901,8.69826
0.902,8.70002
0.903,8.70178
0.904,8.70354
0.905,8.70528
0.906,8.70704
0.907,8.70878
0.908,8.71052
0.909,8.71226
0.91,8.714
0.911,8.71574
0.912,8.71748
0.913,8.7192
0.914,8.72094
0.915,8.72266
0.916,8.72438
0.917,8.7261
0.918,8.72782
0.919,8.72954
0.92,8.73126
0.921,8.73298
0.922,8.73468
0.923,8.7364
0.924,8.7381
0.925,8.7398
0.926,8.7415
0.927,8.7432
0.928,8.7449
0.929,8.7466
0.93,8.74828
0.931,8.74998
0.932,8.75166
0.933,8.75336
0.934,8.75504
0.935,8.75672
0.936,8.7584
0.937,8.76008
0.938,8.76174
0.939,8.76342
0.94,8.76508
0.941,8.76676
0.942,8.76842
0.943,8.77008
0.944,8.77174
0.945,8.7734
0.946,8.77506
0.947,8.77672
0.948,8.77836
0.949,8.78002
0.95,8.78166
0.951,8.7833
0.952,8.78496
0.953,8.7866
0.954,8.78822
0.955,8.78986
0.956,8.7915
0.957,8.79314
0.958,8.79476
0.959,8.79638
0.96,8.79802
0.961,8.79964
0.962,8.80126
0.963,8.80288
0.964,8.8045
0.965,8.8061
0.966,8.80772
0.967,8.80932
0.968,8.81094
0.969,8.81254
0.97,8.81414
0.971,8.81574
0.972,8.81734
0.973,8.81894
0.974,8.82054
0.975,8.82214
0.976,8.82372
0.977,8.8253
0.978,8.8269
0.979,8.82848
0.98,8.83006
0.981,8.83164
0.982,8.83322
0.983,8.8348
0.984,8.83636
0.985,8.83794
0.986,8.8395
0.987,8.84108
0.988,8.84264
0.989,8.8442
0.99,8.84576
0.991,8.84732
0.992,8.84888
0.993,8.85044
0.994,8.85198
0.995,8.85354
0.996,8.85508
0.997,8.85662
0.998,8.85818
0.999,8.85972
1,8.86126
1.001,8.8628
1.002,8.86432
1.003,8.86586
1.004,8.8674
1.005,8.86892
1.006,8.87044
1.007,8.87198
1.008,8.8735
1.009,8.87502
1.01,8.87654
1.011,8.87806
1.012,8.87956
1.013,8.88108
1.014,8.8826
1.015,8.8841
1.016,8.8856
1.017,8.88712
1.018,8.88862
1.019,8.89012
1.02,8.89162
1.021,8.89312
1.022,8.8946
1.023,8.8961
1.024,8.89758
1.025,8.89908
1.026,8.90056
1.027,8.90204
1.028,8.90354
1.029,8.90502
1.03,8.9065
1.031,8.90796
1.032,8.90944
1.033,8.91092
1.034,8.91238
1.035,8.91386
1.036,8.91532
1.037,8.91678
1.038,8.91824
1.039,8.9197
1.04,8.92116
1.041,8.92262
1.042,8.92408
1.043,8.92554
1.044,8.92698
1.045,8.92844
1.046,8.92988
1.047,8.93132
1.048,8.93276
1.049,8.9342
1.05,8.93564
1.051,8.93708
1.052,8.93852
1.053,8.93996
1.054,8.94138
1.055,8.94282
1.056,8.94424
1.057,8.94566
1.058,8.94708
1.059,8.94852
1.06,8.94992
1.061,8.95134
1.062,8.95276
1.063,8.95418
1.064,8.95558
1.065,8.957
1.066,8.9584
1.067,8.95982
1.068,8.96122
1.069,8.96262
1.07,8.96402
1.071,8.96542
1.072,8.96682
1.073,8.96822
1.074,8.9696
1.075,8.971
1.076,8.97238
1.077,8.97378
1.078,8.97516
1.079,8.97654
1.08,8.97792
1.081,8.9793
1.082,8.98068
1.083,8.98206
1.084,8.98344
1.085,8.9848
1.086,8.98618
1.087,8.98754
1.088,8.98892
1.089,8.99028
1.09,8.99164
1.091,8.993
1.092,8.99436
1.093,8.99572
1.094,8.99708
1.095,8.99844
1.096,8.99978
1.097,9.00114
1.098,9.00248
1.099,9.00384
1.1,9.00518
1.101,9.00652
1.102,9.00786
1.103,9.0092
1.104,9.01054
1.105,9.01188
1.106,9.0132
1.107,9.01454
1.108,9.01588
1.109,9.0172
1.11,9.01852
1.111,9.01986
1.112,9.02118
1.113,9.0225
1.114,9.02382
1.115,9.02514
1.116,9.02646
1.117,9.02776
1.118,9.02908
1.119,9.0304
1.12,9.0317
1.121,9.033
1.122,9.03432
1.123,9.03562
1.124,9.03692
1.125,9.03822
1.126,9.03952
1.127,9.04082
1.128,9.0421
1.129,9.0434
1.13,9.0447
1.131,9.04598
1.132,9.04728
1.133,9.04856
1.134,9.04984
1.135,9.05112
1.136,9.0524
1.137,9.05368
1.138,9.05496
1.139,9.05624
1.14,9.05752
1.141,9.05878
1.142,9.06006
1.143,9.06132
1.144,9.0626
1.145,9.06386
1.146,9.06512
1.147,9.06638
1.148,9.06764
1.149,9.0689
1.15,9.07016
1.151,9.07142
1.152,9.07268
1.153,9.07392
1.154,9.07518
1.155,9.07642
1.156,9.07768
1.157,9.07892
1.158,9.08016
1.159,9.0814
1.16,9.08264
1.161,9.08388
1.162,9.08512
1.163,9.08636
1.164,9.08758
1.165,9.08882
1.166,9.09006
1.167,9.09128
1.168,9.0925
1.169,9.09374
1.17,9.09496
1.171,9.09618
1.172,9.0974
1.173,9.09862
1.174,9.09984
1.175,9.10104
1.176,9.10226
1.177,9.10348
1.178,9.10468
1.179,9.1059
1.18,9.1071
1.181,9.1083
1.182,9.10952
1.183,9.11072
1.184,9.11192
1.185,9.11312
1.186,9.11432
1.187,9.1155
1.188,9.1167
1.189,9.1179
1.19,9.11908
1.191,9.12028
1.192,9.12146
1.193,9.12264
1.194,9.12384
1.195,9.12502
1.196,9.1262
1.197,9.12738
1.198,9.12856
1.199,9.12974
1.2,9.1309
1.201,9.13208
1.202,9.13326
1.203,9.13442
1.204,9.1356
1.205,9.13676
1.206,9.13792
1.207,9.13908
1.208,9.14026
1.209,9.14142
1.21,9.14258
1.211,9.14372
1.212,9.14488
1.213,9.14604
1.214,9.1472
1.215,9.14834
1.216,9.1495
1.217,9.15064
1.218,9.15178
1.219,9.15294
1.22,9.15408
1.221,9.15522
1.222,9.15636
1.223,9.1575
1.224,9.15864
1.225,9.15978
1.226,9.1609
1.227,9.16204
1.228,9.16318
1.229,9.1643
1.23,9.16544
1.231,9.16656
1.232,9.16768
1.233,9.1688
1.234,9.16992
1.235,9.17104
1.236,9.17216
1.237,9.17328
1.238,9.1744
1.239,9.17552
1.24,9.17664
1.241,9.17774
1.242,9.17886
1.243,9.17996
1.244,9.18106
1.245,9.18218
1.246,9.18328
1.247,9.18438
1.248,9.18548
1.249,9.18658
1.25,9.18768
1.251,9.18878
1.252,9.18988
1.253,9.19096
1.254,9.19206
1.255,9.19316
1.256,9.19424
1.257,9.19532
1.258,9.19642
1.259,9.1975
1.26,9.19858
1.261,9.19966
1.262,9.20074
1.263,9.20182
1.264,9.2029
1.265,9.20398
1.266,9.20506
1.267,9.20612
1.268,9.2072
1.269,9.20826
1.27,9.20934
1.271,9.2104
1.272,9.21148
1.273,9.21254
1.274,9.2136
1.275,9.21466
1.276,9.21572
1.277,9.21678
1.278,9.21784
1.279,9.2189
1.28,9.21994
1.281,9.221
1.282,9.22206
1.283,9.2231
1.284,9.22416
1.285,9.2252
1.286,9.22624
1.287,9.2273
1.288,9.22834
1.289,9.22938
1.29,9.23042
1.291,9.23146
1.292,9.2325
1.293,9.23354
1.294,9.23456
1.295,9.2356
1.296,9.23664
1.297,9.23766
1.298,9.2387
1.299,9.23972
1.3,9.24074
1.301,9.24178
1.302,9.2428
1.303,9.24382
1.304,9.24484
1.305,9.24586
1.306,9.24688
1.307,9.2479
1.308,9.2489
1.309,9.24992
1.31,9.25094
1.311,9.25194
1.312,9.25296
1.313,9.25396
1.314,9.25498
1.315,9.25598
1.316,9.25698
1.317,9.25798
1.318,9.25898
1.319,9.26
1.32,9.26098
1.321,9.26198
1.322,9.26298
1.323,9.26398
1.324,9.26498
1.325,9.26596
1.326,9.26696
1.327,9.26794
1.328,9.26894
1.329,9.26992
1.33,9.2709
1.331,9.2719
1.332,9.27288
1.333,9.27386
1.334,9.27484
1.335,9.27582
1.336,9.2768
1.337,9.27778
1.338,9.27874
1.339,9.27972
1.34,9.2807
1.341,9.28166
1.342,9.28264
1.343,9.2836
1.344,9.28456
1.345,9.28554
1.346,9.2865
1.347,9.28746
1.348,9.28842
1.349,9.28938
1.35,9.29034
1.351,9.2913
1.352,9.29226
1.353,9.29322
1.354,9.29418
1.355,9.29512
1.356,9.29608
1.357,9.29702
1.358,9.29798
1.359,9.29892
1.36,9.29986
1.361,9.30082
1.362,9.30176
1.363,9.3027
1.364,9.30364
1.365,9.30458
1.366,9.30552
1.367,9.30646
1.368,9.3074
1.369,9.30834
1.37,9.30926
1.371,9.3102
1.372,9.31114
1.373,9.31206
1.374,9.31298
1.375,9.31392
1.376,9.31484
1.377,9.31576
1.378,9.3167
1.379,9.31762
1.38,9.31854
1.381,9.31946
1.382,9.32038
1.383,9.3213
1.384,9.3222
1.385,9.32312
1.386,9.32404
1.387,9.32496
1.388,9.32586
1.389,9.32678
1.39,9.32768
1.391,9.32858
1.392,9.3295
1.393,9.3304
1.394,9.3313
1.395,9.3322
1.396,9.33312
1.397,9.33402
1.398,9.3349
1.399,9.3358
1.4,9.3367
1.401,9.3376
1.402,9.3385
1.403,9.33938
1.404,9.34028
1.405,9.34118
1.406,9.34206
1.407,9.34294
1.408,9.34384
1.409,9.34472
1.41,9.3456
1.411,9.3465
1.412,9.34738
1.413,9.34826
1.414,9.34914
1.415,9.35002
1.416,9.3509
1.417,9.35176
1.418,9.35264
1.419,9.35352
1.42,9.35438
1.421,9.35526
1.422,9.35614
1.423,9.357
1.424,9.35786
1.425,9.35874
1.426,9.3596
1.427,9.36046
1.428,9.36132
1.429,9.3622
1.43,9.36306
1.431,9.36392
1.432,9.36478
1.433,9.36562
1.434,9.36648
1.435,9.36734
1.436,9.3682
1.437,9.36904
1.438,9.3699
1.439,9.37076
1.44,9.3716
1.441,9.37244
1.442,9.3733
1.443,9.37414
1.444,9.37498
1.445,9.37584
1.446,9.37668
1.447,9.37752
1.448,9.37836
1.449,9.3792
1.45,9.38004
1.451,9.38088
1.452,9.3817
1.453,9.38254
1.454,9.38338
1.455,9.3842
1.456,9.38504
1.457,9.38588
1.458,9.3867
1.459,9.38752
1.46,9.38836
1.461,9.38918
1.462,9.39
1.463,9.39082
1.464,9.39166
1.465,9.39248
1.466,9.3933
1.467,9.39412
1.468,9.39494
1.469,9.39574
1.47,9.39656
1.471,9.39738
1.472,9.3982
1.473,9.399
1.474,9.39982
1.475,9.40062
1.476,9.40144
1.477,9.40224
1.478,9.40306
1.479,9.40386
1.48,9.40466
1.481,9.40546
1.482,9.40626
1.483,9.40708
1.484,9.40788
1.485,9.40868
1.486,9.40946
1.487,9.41026
1.488,9.41106
1.489,9.41186
1.49,9.41266
1.491,9.41344
1.492,9.41424
1.493,9.41502
1.494,9.41582
1.495,9.4166
1.496,9.4174
1.497,9.41818
1.498,9.41896
1.499,9.41976
1.5,9.42054
1.501,9.42132
1.502,9.4221
1.503,9.42288
1.504,9.42366
1.505,9.42444
1.506,9.42522
1.507,9.42598
1.508,9.42676
1.509,9.42754
1.51,9.42832
1.511,9.42908
1.512,9.42986
1.513,9.43062
1.514,9.4314
1.515,9.43216
1.516,9.43292
1.517,9.4337
1.518,9.43446
1.519,9.43522
1.52,9.43598
1.521,9.43674
1.522,9.4375
1.523,9.43826
1.524,9.43902
1.525,9.43978
1.526,9.44054
1.527,9.4413
1.528,9.44204
1.529,9.4428
1.53,9.44356
1.531,9.4443
1.532,9.44506
1.533,9.4458
1.534,9.44656
1.535,9.4473
1.536,9.44804
1.537,9.4488
1.538,9.44954
1.539,9.45028
1.54,9.45102
1.541,9.45176
1.542,9.4525
1.543,9.45324
1.544,9.45398
1.545,9.45472
1.546,9.45546
1.547,9.45618
1.548,9.45692
1.549,9.45766
1.55,9.45838
1.551,9.45912
1.552,9.45986
1.553,9.46058
1.554,9.4613
1.555,9.46204
1.556,9.46276
1.557,9.46348
1.558,9.46422
1.559,9.46494
1.56,9.46566
1.561,9.46638
1.562,9.4671
1.563,9.46782
1.564,9.46854
1.565,9.46926
1.566,9.46998
1.567,9.47068
1.568,9.4714
1.569,9.47212
1.57,9.47282
1.571,9.47354
1.572,9.47426
1.573,9.47496
1.574,9.47568
1.575,9.47638
1.576,9.47708
1.577,9.4778
1.578,9.4785
1.579,9.4792
1.58,9.4799
1.581,9.4806
1.582,9.4813
1.583,9.482
1.584,9.4827
1.585,9.4834
1.586,9.4841
1.587,9.4848
1.588,9.4855
1.589,9.48618
1.59,9.48688
1.591,9.48758
1.592,9.48826
1.593,9.48896
1.594,9.48964
1.595,9.49034
1.596,9.49102
1.597,9.49172
1.598,9.4924
1.599,9.49308
1.6,9.49378
1.601,9.49446
1.602,9.49514
1.603,9.49582
1.604,9.4965
1.605,9.49718
1.606,9.49786
1.607,9.49854
1.608,9.49922
1.609,9.49988
1.61,9.50056
1.611,9.50124
1.612,9.50192
1.613,9.50258
1.614,9.50326
1.615,9.50392
1.616,9.5046
1.617,9.50526
1.618,9.50594
1.619,9.5066
1.62,9.50726
1.621,9.50794
1.622,9.5086
1.623,9.50926
1.624,9.50992
1.625,9.51058
1.626,9.51124
1.627,9.5119
1.628,9.51256
1.629,9.51322
1.63,9.51388
1.631,9.51454
1.632,9.5152
1.633,9.51584
1.634,9.5165
1.635,9.51716
1.636,9.5178
1.637,9.51846
1.638,9.5191
1.639,9.51976
1.64,9.5204
1.641,9.52106
1.642,9.5217
1.643,9.52234
1.644,9.52298
1.645,9.52364
1.646,9.52428
1.647,9.52492
1.648,9.52556
1.649,9.5262
1.65,9.52684
1.651,9.52748
1.652,9.52812
1.653,9.52876
1.654,9.5294
1.655,9.53002
1.656,9.53066
1.657,9.5313
1.658,9.53192
1.659,9.53256
1.66,9.5332
1.661,9.53382
1.662,9.53444
1.663,9.53508
1.664,9.5357
1.665,9.53634
1.666,9.53696
1.667,9.53758
1.668,9.5382
1.669,9.53884
1.67,9.53946
1.671,9.54008
1.672,9.5407
1.673,9.54132
1.674,9.54194
1.675,9.54256
1.676,9.54318
1.677,9.5438
1.678,9.5444
1.679,9.54502
1.68,9.54564
1.681,9.54624
1.682,9.54686
1.683,9.54748
1.684,9.54808
1.685,9.5487
1.686,9.5493
1.687,9.54992
1.688,9.55052
1.689,9.55112
1.69,9.55174
1.691,9.55234
1.692,9.55294
1.693,9.55354
1.694,9.55414
1.695,9.55476
1.696,9.55536
1.697,9.55596
1.698,9.55656
1.699,9.55716
1.7,9.55774
1.701,9.55834
1.702,9.55894
1.703,9.55954
1.704,9.56014
1.705,9.56072
1.706,9.56132
1.707,9.56192
1.708,9.5625
1.709,9.5631
1.71,9.56368
1.711,9.56428
1.712,9.56486
1.713,9.56544
1.714,9.56604
1.715,9.56662
1.716,9.5672
1.717,9.5678
1.718,9.56838
1.719,9.56896
1.72,9.56954
1.721,9.57012
1.722,9.5707
1.723,9.57128
1.724,9.57186
1.725,9.57244
1.726,9.57302
1.727,9.5736
1.728,9.57416
1.729,9.57474
1.73,9.57532
1.731,9.5759
1.732,9.57646
1.733,9.57704
1.734,9.5776
1.735,9.57818
1.736,9.57874
1.737,9.57932
1.738,9.57988
1.739,9.58046
1.74,9.58102
1.741,9.58158
1.742,9.58214
1.743,9.58272
1.744,9.58328
1.745,9.58384
1.746,9.5844
1.747,9.58496
1.748,9.58552
1.749,9.58608
1.75,9.58664
1.751,9.5872
1.752,9.58776
1.753,9.58832
1.754,9.58886
1.755,9.58942
1.756,9.58998
1.757,9.59054
1.758,9.59108
1.759,9.59164
1.76,9.59218
1.761,9.59274
1.762,9.59328
1.763,9.59384
1.764,9.59438
1.765,9.59494
1.766,9.59548
1.767,9.59602
1.768,9.59658
1.769,9.59712
1.77,9.59766
1.771,9.5982
1.772,9.59874
1.773,9.59928
1.774,9.59982
1.775,9.60036
1.776,9.6009
1.777,9.60144
1.778,9.60198
1.779,9.60252
1.78,9.60306
1.781,9.6036
1.782,9.60414
1.783,9.60466
1.784,9.6052
1.785,9.60574
1.786,9.60626
1.787,9.6068
1.788,9.60732
1.789,9.60786
1.79,9.60838
1.791,9.60892
1.792,9.60944
1.793,9.60998
1.794,9.6105
1.795,9.61102
1.796,9.61154
1.797,9.61208
1.798,9.6126
1.799,9.61312
1.8,9.61364
1.801,9.61416
1.802,9.61468
1.803,9.6152
1.804,9.61572
1.805,9.61624
1.806,9.61676
1.807,9.61728
1.808,9.6178
1.809,9.61832
1.81,9.61882
1.811,9.61934
1.812,9.61986
1.813,9.62038
1.814,9.62088
1.815,9.6214
1.816,9.6219
1.817,9.62242
1.818,9.62292
1.819,9.62344
1.82,9.62394
1.821,9.62446
1.822,9.62496
1.823,9.62546
1.824,9.62598
1.825,9.62648
1.826,9.62698
1.827,9.62748
1.828,9.62798
1.829,9.62848
1.83,9.629
1.831,9.6295
1.832,9.63
1.833,9.6305
1.834,9.631
1.835,9.63148
1.836,9.63198
1.837,9.63248
1.838,9.63298
1.839,9.63348
1.84,9.63396
1.841,9.63446
1.842,9.63496
1.843,9.63546
1.844,9.63594
1.845,9.63644
1.846,9.63692
1.847,9.63742
1.848,9.6379
1.849,9.6384
1.85,9.63888
1.851,9.63936
1.852,9.63986
1.853,9.64034
1.854,9.64082
1.855,9.64132
1.856,9.6418
1.857,9.64228
1.858,9.64276
1.859,9.64324
1.86,9.64372
1.861,9.6442
1.862,9.6447
1.863,9.64516
1.864,9.64564
1.865,9.64612
1.866,9.6466
1.867,9.64708
1.868,9.64756
1.869,9.64804
1.87,9.6485
1.871,9.64898
1.872,9.64946
1.873,9.64994
1.874,9.6504
1.875,9.65088
1.876,9.65134
1.877,9.65182
1.878,9.65228
1.879,9.65276
1.88,9.65322
1.881,9.6537
1.882,9.65416
1.883,9.65462
1.884,9.6551
1.885,9.65556
1.886,9.65602
1.887,9.6565
1.888,9.65696
1.889,9.65742
1.89,9.65788
1.891,9.65834
1.892,9.6588
1.893,9.65926
1.894,9.65972
1.895,9.66018
1.896,9.66064
1.897,9.6611
1.898,9.66156
1.899,9.66202
1.9,9.66248
1.901,9.66292
1.902,9.66338
1.903,9.66384
1.904,9.6643
1.905,9.66474
1.906,9.6652
1.907,9.66564
1.908,9.6661
1.909,9.66656
1.91,9.667
1.911,9.66746
1.912,9.6679
1.913,9.66834
1.914,9.6688
1.915,9.66924
1.916,9.6697
1.917,9.67014
1.918,9.67058
1.919,9.67102
1.92,9.67148
1.921,9.67192
1.922,9.67236
1.923,9.6728
1.924,9.67324
1.925,9.67368
1.926,9.67412
1.927,9.67456
1.928,9.675
1.929,9.67544
1.93,9.67588
1.931,9.67632
1.932,9.67676
1.933,9.6772
1.934,9.67762
1.935,9.67806
1.936,9.6785
1.937,9.67894
1.938,9.67936
1.939,9.6798
1.94,9.68024
1.941,9.68066
1.942,9.6811
1.943,9.68152
1.944,9.68196
1.945,9.68238
1.946,9.68282
1.947,9.68324
1.948,9.68366
1.949,9.6841
1.95,9.68452
1.951,9.68494
1.952,9.68538
1.953,9.6858
1.954,9.68622
1.955,9.68664
1.956,9.68706
1.957,9.6875
1.958,9.68792
1.959,9.68834
1.96,9.68876
1.961,9.68918
1.962,9.6896
1.963,9.69002
1.964,9.69044
1.965,9.69086
1.966,9.69126
1.967,9.69168
1.968,9.6921
1.969,9.69252
1.97,9.69294
1.971,9.69334
1.972,9.69376
1.973,9.69418
1.974,9.69458
1.975,9.695
1.976,9.69542
1.977,9.69582
1.978,9.69624
1.979,9.69664
1.98,9.69706
1.981,9.69746
1.982,9.69788
1.983,9.69828
1.984,9.69868
1.985,9.6991
1.986,9.6995
1.987,9.6999
1.988,9.70032
1.989,9.70072
1.99,9.70112
1.991,9.70152
1.992,9.70192
1.993,9.70232
1.994,9.70274
1.995,9.70314
1.996,9.70354
1.997,9.70394
1.998,9.70434
1.999,9.70474
2,9.70514
2.001,9.70552
2.002,9.70592
2.003,9.70632
2.004,9.70672
2.005,9.70712
2.006,9.70752
2.007,9.7079
2.008,9.7083
2.009,9.7087
2.01,9.70908
2.011,9.70948
2.012,9.70988
2.013,9.71026
2.014,9.71066
2.015,9.71104
2.016,9.71144
2.017,9.71182
2.018,9.71222
2.019,9.7126
2.02,9.713
2.021,9.71338
2.022,9.71376
2.023,9.71416
2.024,9.71454
2.025,9.71492
2.026,9.7153
2.027,9.7157
2.028,9.71608
2.029,9.71646
2.03,9.71684
2.031,9.71722
2.032,9.7176
2.033,9.71798
2.034,9.71838
2.035,9.71876
2.036,9.71914
2.037,9.7195
2.038,9.71988
2.039,9.72026
2.04,9.72064
2.041,9.72102
2.042,9.7214
2.043,9.72178
2.044,9.72214
2.045,9.72252
2.046,9.7229
2.047,9.72328
2.048,9.72364
2.049,9.72402
2.05,9.7244
2.051,9.72476
2.052,9.72514
2.053,9.7255
2.054,9.72588
2.055,9.72624
2.056,9.72662
2.057,9.72698
2.058,9.72736
2.059,9.72772
2.06,9.7281
2.061,9.72846
2.062,9.72882
2.063,9.7292
2.064,9.72956
2.065,9.72992
2.066,9.73028
2.067,9.73066
2.068,9.73102
2.069,9.73138
2.07,9.73174
2.071,9.7321
2.072,9.73246
2.073,9.73282
2.074,9.73318
2.075,9.73354
2.076,9.7339
2.077,9.73426
2.078,9.73462
2.079,9.73498
2.08,9.73534
2.081,9.7357
2.082,9.73606
2.083,9.73642
2.084,9.73676
2.085,9.73712
2.086,9.73748
2.087,9.73784
2.088,9.73818
2.089,9.73854
2.09,9.7389
2.091,9.73924
2.092,9.7396
2.093,9.73994
2.094,9.7403
2.095,9.74066
2.096,9.741
2.097,9.74136
2.098,9.7417
2.099,9.74204
2.1,9.7424
2.101,9.74274
2.102,9.7431
2.103,9.74344
2.104,9.74378
2.105,9.74414
2.106,9.74448
2.107,9.74482
2.108,9.74516
2.109,9.74552
2.11,9.74586
2.111,9.7462
2.112,9.74654
2.113,9.74688
2.114,9.74722
2.115,9.74756
2.116,9.7479
2.117,9.74824
2.118,9.74858
2.119,9.74892
2.12,9.74926
2.121,9.7496
2.122,9.74994
2.123,9.75028
2.124,9.75062
2.125,9.75096
2.126,9.75128
2.127,9.75162
2.128,9.75196
2.129,9.7523
2.13,9.75264
2.131,9.75296
2.132,9.7533
2.133,9.75364
2.134,9.75396
2.135,9.7543
2.136,9.75462
2.137,9.75496
2.138,9.75528
2.139,9.75562
2.14,9.75596
2.141,9.75628
2.142,9.7566
2.143,9.75694
2.144,9.75726
2.145,9.7576
2.146,9.75792
2.147,9.75824
2.148,9.75858
2.149,9.7589
2.15,9.75922
2.151,9.75956
2.152,9.75988
2.153,9.7602
2.154,9.76052
2.155,9.76084
2.156,9.76116
2.157,9.7615
2.158,9.76182
2.159,9.76214
2.16,9.76246
2.161,9.76278
2.162,9.7631
2.163,9.76342
2.164,9.76374
2.165,9.76406
2.166,9.76438
2.167,9.7647
2.168,9.76502
2.169,9.76532
2.17,9.76564
2.171,9.76596
2.172,9.76628
2.173,9.7666
2.174,9.7669
2.175,9.76722
2.176,9.76754
2.177,9.76786
2.178,9.76816
2.179,9.76848
2.18,9.7688
2.181,9.7691
2.182,9.76942
2.183,9.76972
2.184,9.77004
2.185,9.77034
2.186,9.77066
2.187,9.77096
2.188,9.77128
2.189,9.77158
2.19,9.7719
2.191,9.7722
2.192,9.7725
2.193,9.77282
2.194,9.77312
2.195,9.77342
2.196,9.77374
2.197,9.77404
2.198,9.77434
2.199,9.77466
2.2,9.77496
2.201,9.77526
2.202,9.77556
2.203,9.77586
2.204,9.77616
2.205,9.77646
2.206,9.77678
2.207,9.77708
2.208,9.77738
2.209,9.77768
2.21,9.77798
2.211,9.77828
2.212,9.77858
2.213,9.77888
2.214,9.77918
2.215,9.77946
2.216,9.77976
2.217,9.78006
2.218,9.78036
2.219,9.78066
2.22,9.78096
2.221,9.78126
2.222,9.78154
2.223,9.78184
2.224,9.78214
2.225,9.78242
2.226,9.78272
2.227,9.78302
2.228,9.7833
2.229,9.7836
2.23,9.7839
2.231,9.78418
2.232,9.78448
2.233,9.78476
2.234,9.78506
2.235,9.78534
2.236,9.78564
2.237,9.78592
2.238,9.78622
2.239,9.7865
2.24,9.7868
2.241,9.78708
2.242,9.78736
2.243,9.78766
2.244,9.78794
2.245,9.78822
2.246,9.78852
2.247,9.7888
2.248,9.78908
2.249,9.78938
2.25,9.78966
2.251,9.78994
2.252,9.79022
2.253,9.7905
2.254,9.79078
2.255,9.79108
2.256,9.79136
2.257,9.79164
2.258,9.79192
2.259,9.7922
2.26,9.79248
2.261,9.79276
2.262,9.79304
2.263,9.79332
2.264,9.7936
2.265,9.79388
2.266,9.79416
2.267,9.79444
2.268,9.7947
2.269,9.79498
2.27,9.79526
2.271,9.79554
2.272,9.79582
2.273,9.7961
2.274,9.79636
2.275,9.79664
2.276,9.79692
2.277,9.7972
2.278,9.79746
2.279,9.79774
2.28,9.79802
2.281,9.79828
2.282,9.79856
2.283,9.79882
2.284,9.7991
2.285,9.79938
2.286,9.79964
2.287,9.79992
2.288,9.80018
2.289,9.80046
2.29,9.80072
2.291,9.801
2.292,9.80126
2.293,9.80152
2.294,9.8018
2.295,9.80206
2.296,9.80234
2.297,9.8026
2.298,9.80286
2.299,9.80314
2.3,9.8034
2.301,9.80366
2.302,9.80392
2.303,9.8042
2.304,9.80446
2.305,9.80472
2.306,9.80498
2.307,9.80524
2.308,9.80552
2.309,9.80578
2.31,9.80604
2.311,9.8063
2.312,9.80656
2.313,9.80682
2.314,9.80708
2.315,9.80734
2.316,9.8076
2.317,9.80786
2.318,9.80812
2.319,9.80838
2.32,9.80864
2.321,9.8089
2.322,9.80916
2.323,9.80942
2.324,9.80966
2.325,9.80992
2.326,9.81018
2.327,9.81044
2.328,9.8107
2.329,9.81096
2.33,9.8112
2.331,9.81146
2.332,9.81172
2.333,9.81198
2.334,9.81222
2.335,9.81248
2.336,9.81274
2.337,9.81298
2.338,9.81324
2.339,9.81348
2.34,9.81374
2.341,9.814
2.342,9.81424
2.343,9.8145
2.344,9.81474
2.345,9.815
2.346,9.81524
2.347,9.8155
2.348,9.81574
2.349,9.816
2.35,9.81624
2.351,9.81648
2.352,9.81674
2.353,9.81698
2.354,9.81724
2.355,9.81748
2.356,9.81772
2.357,9.81796
2.358,9.81822
2.359,9.81846
2.36,9.8187
2.361,9.81896
2.362,9.8192
2.363,9.81944
2.364,9.81968
2.365,9.81992
2.366,9.82016
2.367,9.82042
2.368,9.82066
2.369,9.8209
2.37,9.82114
2.371,9.82138
2.372,9.82162
2.373,9.82186
2.374,9.8221
2.375,9.82234
2.376,9.82258
2.377,9.82282
2.378,9.82306
2.379,9.8233
2.38,9.82354
2.381,9.82378
2.382,9.82402
2.383,9.82426
2.384,9.8245
2.385,9.82472
2.386,9.82496
2.387,9.8252
2.388,9.82544
2.389,9.82568
2.39,9.8259
2.391,9.82614
2.392,9.82638
2.393,9.82662
2.394,9.82684
2.395,9.82708
2.396,9.82732
2.397,9.82754
2.398,9.82778
2.399,9.82802
2.4,9.82824
2.401,9.82848
2.402,9.8287
2.403,9.82894
2.404,9.82916
2.405,9.8294
2.406,9.82964
2.407,9.82986
2.408,9.8301
2.409,9.83032
2.41,9.83054
2.411,9.83078
2.412,9.831
2.413,9.83124
2.414,9.83146
2.415,9.8317
2.416,9.83192
2.417,9.83214
2.418,9.83238
2.419,9.8326
2.42,9.83282
2.421,9.83304
2.422,9.83328
2.423,9.8335
2.424,9.83372
2.425,9.83394
2.426,9.83418
2.427,9.8344
2.428,9.83462
2.429,9.83484
2.43,9.83506
2.431,9.83528
2.432,9.83552
2.433,9.83574
2.434,9.83596
2.435,9.83618
2.436,9.8364
2.437,9.83662
2.438,9.83684
2.439,9.83706
2.44,9.83728
2.441,9.8375
2.442,9.83772
2.443,9.83794
2.444,9.83816
2.445,9.83838
2.446,9.8386
2.447,9.83882
2.448,9.83902
2.449,9.83924
2.45,9.83946
2.451,9.83968
2.452,9.8399
2.453,9.84012
2.454,9.84032
2.455,9.84054
2.456,9.84076
2.457,9.84098
2.458,9.8412
2.459,9.8414
2.46,9.84162
2.461,9.84184
2.462,9.84204
2.463,9.84226
2.464,9.84248
2.465,9.84268
2.466,9.8429
2.467,9.8431
2.468,9.84332
2.469,9.84354
2.47,9.84374
2.471,9.84396
2.472,9.84416
2.473,9.84438
2.474,9.84458
2.475,9.8448
2.476,9.845
2.477,9.84522
2.478,9.84542
2.479,9.84564
2.48,9.84584
2.481,9.84604
2.482,9.84626
2.483,9.84646
2.484,9.84668
2.485,9.84688
2.486,9.84708
2.487,9.8473
2.488,9.8475
2.489,9.8477
2.49,9.84792
2.491,9.84812
2.492,9.84832
2.493,9.84852
2.494,9.84874
2.495,9.84894
2.496,9.84914
2.497,9.84934
2.498,9.84954
2.499,9.84974
2.5,9.84996
2.501,9.85016
2.502,9.85036
2.503,9.85056
2.504,9.85076
2.505,9.85096
2.506,9.85116
2.507,9.85136
2.508,9.85156
2.509,9.85176
2.51,9.85196
2.511,9.85216
2.512,9.85236
2.513,9.85256
2.514,9.85276
2.515,9.85296
2.516,9.85316
2.517,9.85336
2.518,9.85356
2.519,9.85376
2.52,9.85396
2.521,9.85414
2.522,9.85434
2.523,9.85454
2.524,9.85474
2.525,9.85494
2.526,9.85514
2.527,9.85532
2.528,9.85552
2.529,9.85572
2.53,9.85592
2.531,9.8561
2.532,9.8563
2.533,9.8565
2.534,9.85668
2.535,9.85688
2.536,9.85708
2.537,9.85726
2.538,9.85746
2.539,9.85766
2.54,9.85784
2.541,9.85804
2.542,9.85822
2.543,9.85842
2.544,9.85862
2.545,9.8588
2.546,9.859
2.547,9.85918
2.548,9.85938
2.549,9.85956
2.55,9.85976
2.551,9.85994
2.552,9.86014
2.553,9.86032
2.554,9.8605
2.555,9.8607
2.556,9.86088
2.557,9.86108
2.558,9.86126
2.559,9.86144
2.56,9.86164
2.561,9.86182
2.562,9.862
2.563,9.8622
2.564,9.86238
2.565,9.86256
2.566,9.86276
2.567,9.86294
2.568,9.86312
2.569,9.8633
2.57,9.8635
2.571,9.86368
2.572,9.86386
2.573,9.86404
2.574,9.86422
2.575,9.86442
2.576,9.8646
2.577,9.86478
2.578,9.86496
2.579,9.86514
2.58,9.86532
2.581,9.8655
2.582,9.86568
2.583,9.86586
2.584,9.86606
2.585,9.86624
2.586,9.86642
2.587,9.8666
2.588,9.86678
2.589,9.86696
2.59,9.86714
2.591,9.86732
2.592,9.8675
2.593,9.86766
2.594,9.86784
2.595,9.86802
2.596,9.8682
2.597,9.86838
2.598,9.86856
2.599,9.86874
2.6,9.86892
2.601,9.8691
2.602,9.86926
2.603,9.86944
2.604,9.86962
2.605,9.8698
2.606,9.86998
2.607,9.87014
2.608,9.87032
2.609,9.8705
2.61,9.87068
2.611,9.87084
2.612,9.87102
2.613,9.8712
2.614,9.87138
2.615,9.87154
2.616,9.87172
2.617,9.8719
2.618,9.87206
2.619,9.87224
2.62,9.87242
2.621,9.87258
2.622,9.87276
2.623,9.87292
2.624,9.8731
2.625,9.87326
2.626,9.87344
2.627,9.87362
2.628,9.87378
2.629,9.87396
2.63,9.87412
2.631,9.8743
2.632,9.87446
2.633,9.87464
2.634,9.8748
2.635,9.87496
2.636,9.87514
2.637,9.8753
2.638,9.87548
2.639,9.87564
2.64,9.87582
2.641,9.87598
2.642,9.87614
2.643,9.87632
2.644,9.87648
2.645,9.87664
2.646,9.87682
2.647,9.87698
2.648,9.87714
2.649,9.87732
2.65,9.87748
2.651,9.87764
2.652,9.8778
2.653,9.87798
2.654,9.87814
2.655,9.8783
2.656,9.87846
2.657,9.87864
2.658,9.8788
2.659,9.87896
2.66,9.87912
2.661,9.87928
2.662,9.87944
2.663,9.87962
2.664,9.87978
2.665,9.87994
2.666,9.8801
2.667,9.88026
2.668,9.88042
2.669,9.88058
2.67,9.88074
2.671,9.8809
2.672,9.88106
2.673,9.88122
2.674,9.88138
2.675,9.88154
2.676,9.8817
2.677,9.88186
2.678,9.88202
2.679,9.88218
2.68,9.88234
2.681,9.8825
2.682,9.88266
2.683,9.88282
2.684,9.88298
2.685,9.88314
2.686,9.8833
2.687,9.88346
2.688,9.88362
2.689,9.88376
2.69,9.88392
2.691,9.88408
2.692,9.88424
2.693,9.8844
2.694,9.88456
2.695,9.8847
2.696,9.88486
2.697,9.88502
2.698,9.88518
2.699,9.88532
2.7,9.88548
2.701,9.88564
2.702,9.8858
2.703,9.88594
2.704,9.8861
2.705,9.88626
2.706,9.8864
2.707,9.88656
2.708,9.88672
2.709,9.88686
2.71,9.88702
2.711,9.88718
2.712,9.88732
2.713,9.88748
2.714,9.88762
2.715,9.88778
2.716,9.88794
2.717,9.88808
2.718,9.88824
2.719,9.88838
2.72,9.88854
2.721,9.88868
2.722,9.88884
2.723,9.88898
2.724,9.88914
2.725,9.88928
2.726,9.88944
2.727,9.88958
2.728,9.88974
2.729,9.88988
2.73,9.89004
2.731,9.89018
2.732,9.89032
2.733,9.89048
2.734,9.89062
2.735,9.89078
2.736,9.89092
2.737,9.89106
2.738,9.89122
2.739,9.89136
2.74,9.8915
2.741,9.89166
2.742,9.8918
2.743,9.89194
2.744,9.8921
2.745,9.89224
2.746,9.89238
2.747,9.89252
2.748,9.89268
2.749,9.89282
2.75,9.89296
2.751,9.8931
2.752,9.89326
2.753,9.8934
2.754,9.89354
2.755,9.89368
2.756,9.89382
2.757,9.89398
2.758,9.89412
2.759,9.89426
2.76,9.8944
2.761,9.89454
2.762,9.89468
2.763,9.89482
2.764,9.89496
2.765,9.89512
2.766,9.89526
2.767,9.8954
2.768,9.89554
2.769,9.89568
2.77,9.89582
2.771,9.89596
2.772,9.8961
2.773,9.89624
2.774,9.89638
2.775,9.89652
2.776,9.89666
2.777,9.8968
2.778,9.89694
2.779,9.89708
2.78,9.89722
2.781,9.89736
2.782,9.8975
2.783,9.89764
2.784,9.89776
2.785,9.8979
2.786,9.89804
2.787,9.89818
2.788,9.89832
2.789,9.89846
2.79,9.8986
2.791,9.89874
2.792,9.89886
2.793,9.899
2.794,9.89914
2.795,9.89928
2.796,9.89942
2.797,9.89954
2.798,9.89968
2.799,9.89982
2.8,9.89996
2.801,9.9001
2.802,9.90022
2.803,9.90036
2.804,9.9005
2.805,9.90062
2.806,9.90076
2.807,9.9009
2.808,9.90104
2.809,9.90116
2.81,9.9013
2.811,9.90144
2.812,9.90156
2.813,9.9017
2.814,9.90184
2.815,9.90196
2.816,9.9021
2.817,9.90222
2.818,9.90236
2.819,9.9025
2.82,9.90262
2.821,9.90276
2.822,9.90288
2.823,9.90302
2.824,9.90314
2.825,9.90328
2.826,9.9034
2.827,9.90354
2.828,9.90366
2.829,9.9038
2.83,9.90392
2.831,9.90406
2.832,9.90418
2.833,9.90432
2.834,9.90444
2.835,9.90458
2.836,9.9047
2.837,9.90484
2.838,9.90496
2.839,9.9051
2.84,9.90522
2.841,9.90534
2.842,9.90548
2.843,9.9056
2.844,9.90572
2.845,9.90586
2.846,9.90598
2.847,9.90612
2.848,9.90624
2.849,9.90636
2.85,9.9065
2.851,9.90662
2.852,9.90674
2.853,9.90686
2.854,9.907
2.855,9.90712
2.856,9.90724
2.857,9.90738
2.858,9.9075
2.859,9.90762
2.86,9.90774
2.861,9.90788
2.862,9.908
2.863,9.90812
2.864,9.90824
2.865,9.90836
2.866,9.9085
2.867,9.90862
2.868,9.90874
2.869,9.90886
2.87,9.90898
2.871,9.9091
2.872,9.90922
2.873,9.90936
2.874,9.90948
2.875,9.9096
2.876,9.90972
2.877,9.90984
2.878,9.90996
2.879,9.91008
2.88,9.9102
2.881,9.91032
2.882,9.91044
2.883,9.91056
2.884,9.91068
2.885,9.91082
2.886,9.91094
2.887,9.91106
2.888,9.91118
2.889,9.9113
2.89,9.91142
2.891,9.91154
2.892,9.91164
2.893,9.91176
2.894,9.91188
2.895,9.912
2.896,9.91212
2.897,9.91224
2.898,9.91236
2.899,9.91248
2.9,9.9126
2.901,9.91272
2.902,9.91284
2.903,9.91296
2.904,9.91308
2.905,9.91318
2.906,9.9133
2.907,9.91342
2.908,9.91354
2.909,9.91366
2.91,9.91378
2.911,9.91388
2.912,9.914
2.913,9.91412
2.914,9.91424
2.915,9.91436
2.916,9.91446
2.917,9.91458
2.918,9.9147
2.919,9.91482
2.92,9.91492
2.921,9.91504
2.922,9.91516
2.923,9.91528
2.924,9.91538
2.925,9.9155
2.926,9.91562
2.927,9.91574
2.928,9.91584
2.929,9.91596
2.93,9.91608
2.931,9.91618
2.932,9.9163
2.933,9.91642
2.934,9.91652
2.935,9.91664
2.936,9.91674
2.937,9.91686
2.938,9.91698
2.939,9.91708
2.94,9.9172
2.941,9.9173
2.942,9.91742
2.943,9.91754
2.944,9.91764
2.945,9.91776
2.946,9.91786
2.947,9.91798
2.948,9.91808
2.949,9.9182
2.95,9.9183
2.951,9.91842
2.952,9.91852
2.953,9.91864
2.954,9.91874
2.955,9.91886
2.956,9.91896
2.957,9.91908
2.958,9.91918
2.959,9.9193
2.96,9.9194
2.961,9.91952
2.962,9.91962
2.963,9.91974
2.964,9.91984
2.965,9.91994
2.966,9.92006
2.967,9.92016
2.968,9.92028
2.969,9.92038
2.97,9.92048
2.971,9.9206
2.972,9.9207
2.973,9.9208
2.974,9.92092
2.975,9.92102
2.976,9.92112
2.977,9.92124
2.978,9.92134
2.979,9.92144
2.98,9.92156
2.981,9.92166
2.982,9.92176
2.983,9.92188
2.984,9.92198
2.985,9.92208
2.986,9.92218
2.987,9.9223
2.988,9.9224
2.989,9.9225
2.99,9.9226
2.991,9.92272
2.992,9.92282
2.993,9.92292
2.994,9.92302
2.995,9.92312
2.996,9.92324
2.997,9.92334
2.998,9.92344
2.999,9.92354
3,9.92364
3.001,9.92374
3.002,9.92386
3.003,9.92396
3.004,9.92406
3.005,9.92416
3.006,9.92426
3.007,9.92436
3.008,9.92446
3.009,9.92456
3.01,9.92468
3.011,9.92478
3.012,9.92488
3.013,9.92498
3.014,9.92508
3.015,9.92518
3.016,9.92528
3.017,9.92538
3.018,9.92548
3.019,9.92558
3.02,9.92568
3.021,9.92578
3.022,9.92588
3.023,9.92598
3.024,9.92608
3.025,9.92618
3.026,9.92628
3.027,9.92638
3.028,9.92648
3.029,9.92658
3.03,9.92668
3.031,9.92678
3.032,9.92688
3.033,9.92698
3.034,9.92708
3.035,9.92718
3.036,9.92728
3.037,9.92736
3.038,9.92746
3.039,9.92756
3.04,9.92766
3.041,9.92776
3.042,9.92786
3.043,9.92796
3.044,9.92806
3.045,9.92814
3.046,9.92824
3.047,9.92834
3.048,9.92844
3.049,9.92854
3.05,9.92864
3.051,9.92872
3.052,9.92882
3.053,9.92892
3.054,9.92902
3.055,9.92912
3.056,9.9292
3.057,9.9293
3.058,9.9294
3.059,9.9295
3.06,9.9296
3.061,9.92968
3.062,9.92978
3.063,9.92988
3.064,9.92998
3.065,9.93006
3.066,9.93016
3.067,9.93026
3.068,9.93034
3.069,9.93044
3.07,9.93054
3.071,9.93064
3.072,9.93072
3.073,9.93082
3.074,9.93092
3.075,9.931
3.076,9.9311
3.077,9.9312
3.078,9.93128
3.079,9.93138
3.08,9.93146
3.081,9.93156
3.082,9.93166
3.083,9.93174
3.084,9.93184
3.085,9.93192
3.086,9.93202
3.087,9.93212
3.088,9.9322
3.089,9.9323
3.09,9.93238
3.091,9.93248
3.092,9.93258
3.093,9.93266
3.094,9.93276
3.095,9.93284
3.096,9.93294
3.097,9.93302
3.098,9.93312
3.099,9.9332
3.1,9.9333
3.101,9.93338
3.102,9.93348
3.103,9.93356
3.104,9.93366
3.105,9.93374
3.106,9.93384
3.107,9.93392
3.108,9.93402
3.109,9.9341
3.11,9.9342
3.111,9.93428
3.112,9.93436
3.113,9.93446
3.114,9.93454
3.115,9.93464
3.116,9.93472
3.117,9.93482
3.118,9.9349
3.119,9.93498
3.12,9.93508
3.121,9.93516
3.122,9.93524
3.123,9.93534
3.124,9.93542
3.125,9.93552
3.126,9.9356
3.127,9.93568
3.128,9.93578
3.129,9.93586
3.13,9.93594
3.131,9.93604
3.132,9.93612
3.133,9.9362
3.134,9.9363
3.135,9.93638
3.136,9.93646
3.137,9.93654
3.138,9.93664
3.139,9.93672
3.14,9.9368
3.141,9.9369
3.142,9.93698
3.143,9.93706
3.144,9.93714
3.145,9.93724
3.146,9.93732
3.147,9.9374
3.148,9.93748
3.149,9.93756
3.15,9.93766
3.151,9.93774
3.152,9.93782
3.153,9.9379
3.154,9.93798
3.155,9.93808
3.156,9.93816
3.157,9.93824
3.158,9.93832
3.159,9.9384
3.16,9.93848
3.161,9.93858
3.162,9.93866
3.163,9.93874
3.164,9.93882
3.165,9.9389
3.166,9.93898
3.167,9.93906
3.168,9.93916
3.169,9.93924
3.17,9.93932
3.171,9.9394
3.172,9.93948
3.173,9.93956
3.174,9.93964
3.175,9.93972
3.176,9.9398
3.177,9.93988
3.178,9.93996
3.179,9.94004
3.18,9.94012
3.181,9.94022
3.182,9.9403
3.183,9.94038
3.184,9.94046
3.185,9.94054
3.186,9.94062
3.187,9.9407
3.188,9.94078
3.189,9.94086
3.19,9.94094
3.191,9.94102
3.192,9.9411
3.193,9.94118
3.194,9.94126
3.195,9.94134
3.196,9.94142
3.197,9.94148
3.198,9.94156
3.199,9.94164
3.2,9.94172
3.201,9.9418
3.202,9.94188
3.203,9.94196
3.204,9.94204
3.205,9.94212
3.206,9.9422
3.207,9.94228
3.208,9.94236
3.209,9.94244
3.21,9.9425
3.211,9.94258
3.212,9.94266
3.213,9.94274
3.214,9.94282
3.215,9.9429
3.216,9.94298
3.217,9.94304
3.218,9.94312
3.219,9.9432
3.22,9.94328
3.221,9.94336
3.222,9.94344
3.223,9.9435
3.224,9.94358
3.225,9.94366
3.226,9.94374
3.227,9.94382
3.228,9.94388
3.229,9.94396
3.23,9.94404
3.231,9.94412
3.232,9.9442
3.233,9.94426
3.234,9.94434
3.235,9.94442
3.236,9.9445
3.237,9.94456
3.238,9.94464
3.239,9.94472
3.24,9.9448
3.241,9.94486
3.242,9.94494
3.243,9.94502
3.244,9.94508
3.245,9.94516
3.246,9.94524
3.247,9.94532
3.248,9.94538
3.249,9.94546
3.25,9.94554
3.251,9.9456
3.252,9.94568
3.253,9.94576
3.254,9.94582
3.255,9.9459
3.256,9.94598
3.257,9.94604
3.258,9.94612
3.259,9.9462
3.26,9.94626
3.261,9.94634
3.262,9.9464
3.263,9.94648
3.264,9.94656
3.265,9.94662
3.266,9.9467
3.267,9.94676
3.268,9.94684
3.269,9.94692
3.27,9.94698
3.271,9.94706
3.272,9.94712
3.273,9.9472
3.274,9.94728
3.275,9.94734
3.276,9.94742
3.277,9.94748
3.278,9.94756
3.279,9.94762
3.28,9.9477
3.281,9.94776
3.282,9.94784
3.283,9.9479
3.284,9.94798
3.285,9.94804
3.286,9.94812
3.287,9.94818
3.288,9.94826
3.289,9.94832
3.29,9.9484
3.291,9.94846
3.292,9.94854
3.293,9.9486
3.294,9.94868
3.295,9.94874
3.296,9.94882
3.297,9.94888
3.298,9.94896
3.299,9.94902
3.3,9.9491
3.301,9.94916
3.302,9.94922
3.303,9.9493
3.304,9.94936
3.305,9.94944
3.306,9.9495
3.307,9.94958
3.308,9.94964
3.309,9.9497
3.31,9.94978
3.311,9.94984
3.312,9.9499
3.313,9.94998
3.314,9.95004
3.315,9.95012
3.316,9.95018
3.317,9.95024
3.318,9.95032
3.319,9.95038
3.32,9.95044
3.321,9.95052
3.322,9.95058
3.323,9.95064
3.324,9.95072
3.325,9.95078
3.326,9.95084
3.327,9.95092
3.328,9.95098
3.329,9.95104
3.33,9.95112
3.331,9.95118
3.332,9.95124
3.333,9.95132
3.334,9.95138
3.335,9.95144
3.336,9.9515
3.337,9.95158
3.338,9.95164
3.339,9.9517
3.34,9.95176
3.341,9.95184
3.342,9.9519
3.343,9.95196
3.344,9.95202
3.345,9.9521
3.346,9.95216
3.347,9.95222
3.348,9.95228
3.349,9.95236
3.35,9.95242
3.351,9.95248
3.352,9.95254
3.353,9.9526
3.354,9.95268
3.355,9.95274
3.356,9.9528
3.357,9.95286
3.358,9.95292
3.359,9.953
3.36,9.95306
3.361,9.95312
3.362,9.95318
3.363,9.95324
3.364,9.9533
3.365,9.95338
3.366,9.95344
3.367,9.9535
3.368,9.95356
3.369,9.95362
3.37,9.95368
3.371,9.95374
3.372,9.95382
3.373,9.95388
3.374,9.95394
3.375,9.954
3.376,9.95406
3.377,9.95412
3.378,9.95418
3.379,9.95424
3.38,9.9543
3.381,9.95436
3.382,9.95444
3.383,9.9545
3.384,9.95456
3.385,9.95462
3.386,9.95468
3.387,9.95474
3.388,9.9548
3.389,9.95486
3.39,9.95492
3.391,9.95498
3.392,9.95504
3.393,9.9551
3.394,9.95516
3.395,9.95522
3.396,9.95528
3.397,9.95534
3.398,9.9554
3.399,9.95546
3.4,9.95552
3.401,9.95558
3.402,9.95564
3.403,9.9557
3.404,9.95576
3.405,9.95582
3.406,9.95588
3.407,9.95594
3.408,9.956
3.409,9.95606
3.41,9.95612
3.411,9.95618
3.412,9.95624
3.413,9.9563
3.414,9.95636
3.415,9.95642
3.416,9.95648
3.417,9.95654
3.418,9.9566
3.419,9.95666
3.42,9.95672
3.421,9.95676
3.422,9.95682
3.423,9.95688
3.424,9.95694
3.425,9.957
3.426,9.95706
3.427,9.95712
3.428,9.95718
3.429,9.95724
3.43,9.9573
3.431,9.95734
3.432,9.9574
3.433,9.95746
3.434,9.95752
3.435,9.95758
3.436,9.95764
3.437,9.9577
3.438,9.95776
3.439,9.9578
3.44,9.95786
3.441,9.95792
3.442,9.95798
3.443,9.95804
3.444,9.9581
3.445,9.95814
3.446,9.9582
3.447,9.95826
3.448,9.95832
3.449,9.95838
3.45,9.95844
3.451,9.95848
3.452,9.95854
3.453,9.9586
3.454,9.95866
3.455,9.95872
3.456,9.95876
3.457,9.95882
3.458,9.95888
3.459,9.95894
3.46,9.95898
3.461,9.95904
3.462,9.9591
3.463,9.95916
3.464,9.9592
3.465,9.95926
3.466,9.95932
3.467,9.95938
3.468,9.95942
3.469,9.95948
3.47,9.95954
3.471,9.9596
3.472,9.95964
3.473,9.9597
3.474,9.95976
3.475,9.95982
3.476,9.95986
3.477,9.95992
3.478,9.95998
3.479,9.96002
3.48,9.96008
3.481,9.96014
3.482,9.96018
3.483,9.96024
3.484,9.9603
3.485,9.96036
3.486,9.9604
3.487,9.96046
3.488,9.96052
3.489,9.96056
3.49,9.96062
3.491,9.96068
3.492,9.96072
3.493,9.96078
3.494,9.96082
3.495,9.96088
3.496,9.96094
3.497,9.96098
3.498,9.96104
3.499,9.9611
3.5,9.96114
3.501,9.9612
3.502,9.96126
3.503,9.9613
3.504,9.96136
3.505,9.9614
3.506,9.96146
3.507,9.96152
3.508,9.96156
3.509,9.96162
3.51,9.96166
3.511,9.96172
3.512,9.96178
3.513,9.96182
3.514,9.96188
3.515,9.96192
3.516,9.96198
3.517,9.96202
3.518,9.96208
3.519,9.96214
3.52,9.96218
3.521,9.96224
3.522,9.96228
3.523,9.96234
3.524,9.96238
3.525,9.96244
3.526,9.96248
3.527,9.96254
3.528,9.96258
3.529,9.96264
3.53,9.96268
3.531,9.96274
3.532,9.9628
3.533,9.96284
3.534,9.9629
3.535,9.96294
3.536,9.963
3.537,9.96304
3.538,9.9631
3.539,9.96314
3.54,9.9632
3.541,9.96324
3.542,9.96328
3.543,9.96334
3.544,9.96338
3.545,9.96344
3.546,9.96348
3.547,9.96354
3.548,9.96358
3.549,9.96364
3.55,9.96368
3.551,9.96374
3.552,9.96378
3.553,9.96384
3.554,9.96388
3.555,9.96392
3.556,9.96398
3.557,9.96402
3.558,9.96408
3.559,9.96412
3.56,9.96418
3.561,9.96422
3.562,9.96426
3.563,9.96432
3.564,9.96436
3.565,9.96442
3.566,9.96446
3.567,9.9645
3.568,9.96456
3.569,9.9646
3.57,9.96466
3.571,9.9647
3.572,9.96474
3.573,9.9648
3.574,9.96484
3.575,9.9649
3.576,9.96494
3.577,9.96498
3.578,9.96504
3.579,9.96508
3.58,9.96512
3.581,9.96518
3.582,9.96522
3.583,9.96526
3.584,9.96532
3.585,9.96536
3.586,9.9654
3.587,9.96546
3.588,9.9655
3.589,9.96554
3.59,9.9656
3.591,9.96564
3.592,9.96568
3.593,9.96574
3.594,9.96578
3.595,9.96582
3.596,9.96588
3.597,9.96592
3.598,9.96596
3.599,9.96602
3.6,9.96606
3.601,9.9661
3.602,9.96614
3.603,9.9662
3.604,9.96624
3.605,9.96628
3.606,9.96634
3.607,9.96638
3.608,9.96642
3.609,9.96646
3.61,9.96652
3.611,9.96656
3.612,9.9666
3.613,9.96664
3.614,9.9667
3.615,9.96674
3.616,9.96678
3.617,9.96682
3.618,9.96688
3.619,9.96692
3.62,9.96696
3.621,9.967
3.622,9.96706
3.623,9.9671
3.624,9.96714
3.625,9.96718
3.626,9.96722
3.627,9.96728
3.628,9.96732
3.629,9.96736
3.63,9.9674
3.631,9.96744
3.632,9.9675
3.633,9.96754
3.634,9.96758
3.635,9.96762
3.636,9.96766
3.637,9.96772
3.638,9.96776
3.639,9.9678
3.64,9.96784
3.641,9.96788
3.642,9.96792
3.643,9.96798
3.644,9.96802
3.645,9.96806
3.646,9.9681
3.647,9.96814
3.648,9.96818
3.649,9.96824
3.65,9.96828
3.651,9.96832
3.652,9.96836
3.653,9.9684
3.654,9.96844
3.655,9.96848
3.656,9.96854
3.657,9.96858
3.658,9.96862
3.659,9.96866
3.66,9.9687
3.661,9.96874
3.662,9.96878
3.663,9.96882
3.664,9.96886
3.665,9.96892
3.666,9.96896
3.667,9.969
3.668,9.96904
3.669,9.96908
3.67,9.96912
3.671,9.96916
3.672,9.9692
3.673,9.96924
3.674,9.96928
3.675,9.96932
3.676,9.96936
3.677,9.96942
3.678,9.96946
3.679,9.9695
3.68,9.96954
3.681,9.96958
3.682,9.96962
3.683,9.96966
3.684,9.9697
3.685,9.96974
3.686,9.96978
3.687,9.96982
3.688,9.96986
3.689,9.9699
3.69,9.96994
3.691,9.96998
3.692,9.97002
3.693,9.97006
3.694,9.9701
3.695,9.97014
3.696,9.97018
3.697,9.97022
3.698,9.97026
3.699,9.9703
3.7,9.97034
3.701,9.97038
3.702,9.97042
3.703,9.97046
3.704,9.9705
3.705,9.97054
3.706,9.97058
3.707,9.97062
3.708,9.97066
3.709,9.9707
3.71,9.97074
3.711,9.97078
3.712,9.97082
3.713,9.97086
3.714,9.9709
3.715,9.97094
3.716,9.97098
3.717,9.97102
3.718,9.97106
3.719,9.9711
3.72,9.97114
3.721,9.97118
3.722,9.97122
3.723,9.97126
3.724,9.9713
3.725,9.97134
3.726,9.97138
3.727,9.9714
3.728,9.97144
3.729,9.97148
3.73,9.97152
3.731,9.97156
3.732,9.9716
3.733,9.97164
3.734,9.97168
3.735,9.97172
3.736,9.97176
3.737,9.9718
3.738,9.97184
3.739,9.97186
3.74,9.9719
3.741,9.97194
3.742,9.97198
3.743,9.97202
3.744,9.97206
3.745,9.9721
3.746,9.97214
3.747,9.97218
3.748,9.9722
3.749,9.97224
3.75,9.97228
3.751,9.97232
3.752,9.97236
3.753,9.9724
3.754,9.97244
3.755,9.97248
3.756,9.9725
3.757,9.97254
3.758,9.97258
3.759,9.97262
3.76,9.97266
3.761,9.9727
3.762,9.97272
3.763,9.97276
3.764,9.9728
3.765,9.97284
3.766,9.97288
3.767,9.97292
3.768,9.97294
3.769,9.97298
3.77,9.97302
3.771,9.97306
3.772,9.9731
3.773,9.97314
3.774,9.97316
3.775,9.9732
3.776,9.97324
3.777,9.97328
3.778,9.97332
3.779,9.97334
3.78,9.97338
3.781,9.97342
3.782,9.97346
3.783,9.9735
3.784,9.97352
3.785,9.97356
3.786,9.9736
3.787,9.97364
3.788,9.97368
3.789,9.9737
3.79,9.97374
3.791,9.97378
3.792,9.97382
3.793,9.97384
3.794,9.97388
3.795,9.97392
3.796,9.97396
3.797,9.97398
3.798,9.97402
3.799,9.97406
3.8,9.9741
3.801,9.97412
3.802,9.97416
3.803,9.9742
3.804,9.97424
3.805,9.97426
3.806,9.9743
3.807,9.97434
3.808,9.97438
3.809,9.9744
3.81,9.97444
3.811,9.97448
3.812,9.97452
3.813,9.97454
3.814,9.97458
3.815,9.97462
3.816,9.97464
3.817,9.97468
3.818,9.97472
3.819,9.97476
3.82,9.97478
3.821,9.97482
3.822,9.97486
3.823,9.97488
3.824,9.97492
3.825,9.97496
3.826,9.97498
3.827,9.97502
3.828,9.97506
3.829,9.97508
3.83,9.97512
3.831,9.97516
3.832,9.9752
3.833,9.97522
3.834,9.97526
3.835,9.9753
3.836,9.97532
3.837,9.97536
3.838,9.9754
3.839,9.97542
3.84,9.97546
3.841,9.9755
3.842,9.97552
3.843,9.97556
3.844,9.97558
3.845,9.97562
3.846,9.97566
3.847,9.97568
3.848,9.97572
3.849,9.97576
3.85,9.97578
3.851,9.97582
3.852,9.97586
3.853,9.97588
3.854,9.97592
3.855,9.97594
3.856,9.97598
3.857,9.97602
3.858,9.97604
3.859,9.97608
3.86,9.97612
3.861,9.97614
3.862,9.97618
3.863,9.9762
3.864,9.97624
3.865,9.97628
3.866,9.9763
3.867,9.97634
3.868,9.97636
3.869,9.9764
3.87,9.97644
3.871,9.97646
3.872,9.9765
3.873,9.97652
3.874,9.97656
3.875,9.9766
3.876,9.97662
3.877,9.97666
3.878,9.97668
3.879,9.97672
3.88,9.97674
3.881,9.97678
3.882,9.97682
3.883,9.97684
3.884,9.97688
3.885,9.9769
3.886,9.97694
3.887,9.97696
3.888,9.977
3.889,9.97702
3.89,9.97706
3.891,9.9771
3.892,9.97712
3.893,9.97716
3.894,9.97718
3.895,9.97722
3.896,9.97724
3.897,9.97728
3.898,9.9773
3.899,9.97734
3.9,9.97736
3.901,9.9774
3.902,9.97742
3.903,9.97746
3.904,9.9775
3.905,9.97752
3.906,9.97756
3.907,9.97758
3.908,9.97762
3.909,9.97764
3.91,9.97768
3.911,9.9777
3.912,9.97774
3.913,9.97776
3.914,9.9778
3.915,9.97782
3.916,9.97786
3.917,9.97788
3.918,9.97792
3.919,9.97794
3.92,9.97798
3.921,9.978
3.922,9.97804
3.923,9.97806
3.924,9.9781
3.925,9.97812
3.926,9.97814
3.927,9.97818
3.928,9.9782
3.929,9.97824
3.93,9.97826
3.931,9.9783
3.932,9.97832
3.933,9.97836
3.934,9.97838
3.935,9.97842
3.936,9.97844
3.937,9.97848
3.938,9.9785
3.939,9.97852
3.94,9.97856
3.941,9.97858
3.942,9.97862
3.943,9.97864
3.944,9.97868
3.945,9.9787
3.946,9.97874
3.947,9.97876
3.948,9.97878
3.949,9.97882
3.95,9.97884
3.951,9.97888
3.952,9.9789
3.953,9.97894
3.954,9.97896
3.955,9.97898
3.956,9.97902
3.957,9.97904
3.958,9.97908
3.959,9.9791
3.96,9.97914
3.961,9.97916
3.962,9.97918
3.963,9.97922
3.964,9.97924
3.965,9.97928
3.966,9.9793
3.967,9.97932
3.968,9.97936
3.969,9.97938
3.97,9.97942
3.971,9.97944
3.972,9.97946
3.973,9.9795
3.974,9.97952
3.975,9.97954
3.976,9.97958
3.977,9.9796
3.978,9.97964
3.979,9.97966
3.98,9.97968
3.981,9.97972
3.982,9.97974
3.983,9.97976
3.984,9.9798
3.985,9.97982
3.986,9.97986
3.987,9.97988
3.988,9.9799
3.989,9.97994
3.99,9.97996
3.991,9.97998
3.992,9.98002
3.993,9.98004
3.994,9.98006
3.995,9.9801
3.996,9.98012
3.997,9.98014
3.998,9.98018
3.999,9.9802
4,9.98022
4.001,9.98026
4.002,9.98028
4.003,9.9803
4.004,9.98034
4.005,9.98036
4.006,9.98038
4.007,9.98042
4.008,9.98044
4.009,9.98046
4.01,9.9805
4.011,9.98052
4.012,9.98054
4.013,9.98058
4.014,9.9806
4.015,9.98062
4.016,9.98066
4.017,9.98068
4.018,9.9807
4.019,9.98072
4.02,9.98076
4.021,9.98078
4.022,9.9808
4.023,9.98084
4.024,9.98086
4.025,9.98088
4.026,9.98092
4.027,9.98094
4.028,9.98096
4.029,9.98098
4.03,9.98102
4.031,9.98104
4.032,9.98106
4.033,9.9811
4.034,9.98112
4.035,9.98114
4.036,9.98116
4.037,9.9812
4.038,9.98122
4.039,9.98124
4.04,9.98126
4.041,9.9813
4.042,9.98132
4.043,9.98134
4.044,9.98136
4.045,9.9814
4.046,9.98142
4.047,9.98144
4.048,9.98148
4.049,9.9815
4.05,9.98152
4.051,9.98154
4.052,9.98158
4.053,9.9816
4.054,9.98162
4.055,9.98164
4.056,9.98166
4.057,9.9817
4.058,9.98172
4.059,9.98174
4.06,9.98176
4.061,9.9818
4.062,9.98182
4.063,9.98184
4.064,9.98186
4.065,9.9819
4.066,9.98192
4.067,9.98194
4.068,9.98196
4.069,9.98198
4.07,9.98202
4.071,9.98204
4.072,9.98206
4.073,9.98208
4.074,9.9821
4.075,9.98214
4.076,9.98216
4.077,9.98218
4.078,9.9822
4.079,9.98224
4.08,9.98226
4.081,9.98228
4.082,9.9823
4.083,9.98232
4.084,9.98234
4.085,9.98238
4.086,9.9824
4.087,9.98242
4.088,9.98244
4.089,9.98246
4.09,9.9825
4.091,9.98252
4.092,9.98254
4.093,9.98256
4.094,9.98258
4.095,9.98262
4.096,9.98264
4.097,9.98266
4.098,9.98268
4.099,9.9827
4.1,9.98272
4.101,9.98276
4.102,9.98278
4.103,9.9828
4.104,9.98282
4.105,9.98284
4.106,9.98286
4.107,9.98288
4.108,9.98292
4.109,9.98294
4.11,9.98296
4.111,9.98298
4.112,9.983
4.113,9.98302
4.114,9.98306
4.115,9.98308
4.116,9.9831
4.117,9.98312
4.118,9.98314
4.119,9.98316
4.12,9.98318
4.121,9.98322
4.122,9.98324
4.123,9.98326
4.124,9.98328
4.125,9.9833
4.126,9.98332
4.127,9.98334
4.128,9.98336
4.129,9.9834
4.13,9.98342
4.131,9.98344
4.132,9.98346
4.133,9.98348
4.134,9.9835
4.135,9.98352
4.136,9.98354
4.137,9.98356
4.138,9.9836
4.139,9.98362
4.14,9.98364
4.141,9.98366
4.142,9.98368
4.143,9.9837
4.144,9.98372
4.145,9.98374
4.146,9.98376
4.147,9.9838
4.148,9.98382
4.149,9.98384
4.15,9.98386
4.151,9.98388
4.152,9.9839
4.153,9.98392
4.154,9.98394
4.155,9.98396
4.156,9.98398
4.157,9.984
4.158,9.98402
4.159,9.98406
4.16,9.98408
4.161,9.9841
4.162,9.98412
4.163,9.98414
4.164,9.98416
4.165,9.98418
4.166,9.9842
4.167,9.98422
4.168,9.98424
4.169,9.98426
4.17,9.98428
4.171,9.9843
4.172,9.98432
4.173,9.98434
4.174,9.98438
4.175,9.9844
4.176,9.98442
4.177,9.98444
4.178,9.98446
4.179,9.98448
4.18,9.9845
4.181,9.98452
4.182,9.98454
4.183,9.98456
4.184,9.98458
4.185,9.9846
4.186,9.98462
4.187,9.98464
4.188,9.98466
4.189,9.98468
4.19,9.9847
4.191,9.98472
4.192,9.98474
4.193,9.98476
4.194,9.98478
4.195,9.9848
4.196,9.98482
4.197,9.98484
4.198,9.98486
4.199,9.98488
4.2,9.98492
4.201,9.98494
4.202,9.98496
4.203,9.98498
4.204,9.985
4.205,9.98502
4.206,9.98504
4.207,9.98506
4.208,9.98508
4.209,9.9851
4.21,9.98512
4.211,9.98514
4.212,9.98516
4.213,9.98518
4.214,9.9852
4.215,9.98522
4.216,9.98524
4.217,9.98526
4.218,9.98528
4.219,9.9853
4.22,9.98532
4.221,9.98534
4.222,9.98536
4.223,9.98538
4.224,9.9854
4.225,9.98542
4.226,9.98544
4.227,9.98546
4.228,9.98548
4.229,9.9855
4.23,9.9855
4.231,9.98552
4.232,9.98554
4.233,9.98556
4.234,9.98558
4.235,9.9856
4.236,9.98562
4.237,9.98564
4.238,9.98566
4.239,9.98568
4.24,9.9857
4.241,9.98572
4.242,9.98574
4.243,9.98576
4.244,9.98578
4.245,9.9858
4.246,9.98582
4.247,9.98584
4.248,9.98586
4.249,9.98588
4.25,9.9859
4.251,9.98592
4.252,9.98594
4.253,9.98596
4.254,9.98598
4.255,9.986
4.256,9.986
4.257,9.98602
4.258,9.98604
4.259,9.98606
4.26,9.98608
4.261,9.9861
4.262,9.98612
4.263,9.98614
4.264,9.98616
4.265,9.98618
4.266,9.9862
4.267,9.98622
4.268,9.98624
4.269,9.98626
4.27,9.98628
4.271,9.9863
4.272,9.9863
4.273,9.98632
4.274,9.98634
4.275,9.98636
4.276,9.98638
4.277,9.9864
4.278,9.98642
4.279,9.98644
4.28,9.98646
4.281,9.98648
4.282,9.9865
4.283,9.98652
4.284,9.98652
4.285,9.98654
4.286,9.98656
4.287,9.98658
4.288,9.9866
4.289,9.98662
4.29,9.98664
4.291,9.98666
4.292,9.98668
4.293,9.9867
4.294,9.98672
4.295,9.98672
4.296,9.98674
4.297,9.98676
4.298,9.98678
4.299,9.9868
4.3,9.98682
4.301,9.98684
4.302,9.98686
4.303,9.98688
4.304,9.98688
4.305,9.9869
4.306,9.98692
4.307,9.98694
4.308,9.98696
4.309,9.98698
4.31,9.987
4.311,9.98702
4.312,9.98702
4.313,9.98704
4.314,9.98706
4.315,9.98708
4.316,9.9871
4.317,9.98712
4.318,9.98714
4.319,9.98716
4.32,9.98716
4.321,9.98718
4.322,9.9872
4.323,9.98722
4.324,9.98724
4.325,9.98726
4.326,9.98728
4.327,9.98728
4.328,9.9873
4.329,9.98732
4.33,9.98734
4.331,9.98736
4.332,9.98738
4.333,9.9874
4.334,9.9874
4.335,9.98742
4.336,9.98744
4.337,9.98746
4.338,9.98748
4.339,9.9875
4.34,9.98752
4.341,9.98752
4.342,9.98754
4.343,9.98756
4.344,9.98758
4.345,9.9876
4.346,9.98762
4.347,9.98762
4.348,9.98764
4.349,9.98766
4.35,9.98768
4.351,9.9877
4.352,9.98772
4.353,9.98772
4.354,9.98774
4.355,9.98776
4.356,9.98778
4.357,9.9878
4.358,9.98782
4.359,9.98782
4.36,9.98784
4.361,9.98786
4.362,9.98788
4.363,9.9879
4.364,9.9879
4.365,9.98792
4.366,9.98794
4.367,9.98796
4.368,9.98798
4.369,9.988
4.37,9.988
4.371,9.98802
4.372,9.98804
4.373,9.98806
4.374,9.98808
4.375,9.98808
4.376,9.9881
4.377,9.98812
4.378,9.98814
4.379,9.98816
4.38,9.98816
4.381,9.98818
4.382,9.9882
4.383,9.98822
4.384,9.98824
4.385,9.98824
4.386,9.98826
4.387,9.98828
4.388,9.9883
4.389,9.98832
4.39,9.98832
4.391,9.98834
4.392,9.98836
4.393,9.98838
4.394,9.98838
4.395,9.9884
4.396,9.98842
4.397,9.98844
4.398,9.98846
4.399,9.98846
4.4,9.98848
4.401,9.9885
4.402,9.98852
4.403,9.98854
4.404,9.98854
4.405,9.98856
4.406,9.98858
4.407,9.9886
4.408,9.9886
4.409,9.98862
4.41,9.98864
4.411,9.98866
4.412,9.98866
4.413,9.98868
4.414,9.9887
4.415,9.98872
4.416,9.98872
4.417,9.98874
4.418,9.98876
4.419,9.98878
4.42,9.9888
4.421,9.9888
4.422,9.98882
4.423,9.98884
4.424,9.98886
4.425,9.98886
4.426,9.98888
4.427,9.9889
4.428,9.98892
4.429,9.98892
4.43,9.98894
4.431,9.98896
4.432,9.98898
4.433,9.98898
4.434,9.989
4.435,9.98902
4.436,9.98904
4.437,9.98904
4.438,9.98906
4.439,9.98908
4.44,9.98908
4.441,9.9891
4.442,9.98912
4.443,9.98914
4.444,9.98914
4.445,9.98916
4.446,9.98918
4.447,9.9892
4.448,9.9892
4.449,9.98922
4.45,9.98924
4.451,9.98926
4.452,9.98926
4.453,9.98928
4.454,9.9893
4.455,9.9893
4.456,9.98932
4.457,9.98934
4.458,9.98936
4.459,9.98936
4.46,9.98938
4.461,9.9894
4.462,9.9894
4.463,9.98942
4.464,9.98944
4.465,9.98946
4.466,9.98946
4.467,9.98948
4.468,9.9895
4.469,9.9895
4.47,9.98952
4.471,9.98954
4.472,9.98956
4.473,9.98956
4.474,9.98958
4.475,9.9896
4.476,9.9896
4.477,9.98962
4.478,9.98964
4.479,9.98964
4.48,9.98966
4.481,9.98968
4.482,9.9897
4.483,9.9897
4.484,9.98972
4.485,9.98974
4.486,9.98974
4.487,9.98976
4.488,9.98978
4.489,9.98978
4.49,9.9898
4.491,9.98982
4.492,9.98982
4.493,9.98984
4.494,9.98986
4.495,9.98988
4.496,9.98988
4.497,9.9899
4.498,9.98992
4.499,9.98992
4.5,9.98994
4.501,9.98996
4.502,9.98996
4.503,9.98998
4.504,9.99
4.505,9.99
4.506,9.99002
4.507,9.99004
4.508,9.99004
4.509,9.99006
4.51,9.99008
4.511,9.99008
4.512,9.9901
4.513,9.99012
4.514,9.99012
4.515,9.99014
4.516,9.99016
4.517,9.99016
4.518,9.99018
4.519,9.9902
4.52,9.9902
4.521,9.99022
4.522,9.99024
4.523,9.99024
4.524,9.99026
4.525,9.99028
4.526,9.99028
4.527,9.9903
4.528,9.99032
4.529,9.99032
4.53,9.99034
4.531,9.99036
4.532,9.99036
4.533,9.99038
4.534,9.9904
4.535,9.9904
4.536,9.99042
4.537,9.99042
4.538,9.99044
4.539,9.99046
4.54,9.99046
4.541,9.99048
4.542,9.9905
4.543,9.9905
4.544,9.99052
4.545,9.99054
4.546,9.99054
4.547,9.99056
4.548,9.99058
4.549,9.99058
4.55,9.9906
4.551,9.9906
4.552,9.99062
4.553,9.99064
4.554,9.99064
4.555,9.99066
4.556,9.99068
4.557,9.99068
4.558,9.9907
4.559,9.9907
4.56,9.99072
4.561,9.99074
4.562,9.99074
4.563,9.99076
4.564,9.99078
4.565,9.99078
4.566,9.9908
4.567,9.9908
4.568,9.99082
4.569,9.99084
4.57,9.99084
4.571,9.99086
4.572,9.99088
4.573,9.99088
4.574,9.9909
4.575,9.9909
4.576,9.99092
4.577,9.99094
4.578,9.99094
4.579,9.99096
4.58,9.99096
4.581,9.99098
4.582,9.991
4.583,9.991
4.584,9.99102
4.585,9.99104
4.586,9.99104
4.587,9.99106
4.588,9.99106
4.589,9.99108
4.59,9.9911
4.591,9.9911
4.592,9.99112
4.593,9.99112
4.594,9.99114
4.595,9.99116
4.596,9.99116
4.597,9.99118
4.598,9.99118
4.599,9.9912
4.6,9.99122
4.601,9.99122
4.602,9.99124
4.603,9.99124
4.604,9.99126
4.605,9.99126
4.606,9.99128
4.607,9.9913
4.608,9.9913
4.609,9.99132
4.61,9.99132
4.611,9.99134
4.612,9.99136
4.613,9.99136
4.614,9.99138
4.615,9.99138
4.616,9.9914
4.617,9.99142
4.618,9.99142
4.619,9.99144
4.62,9.99144
4.621,9.99146
4.622,9.99146
4.623,9.99148
4.624,9.9915
4.625,9.9915
4.626,9.99152
4.627,9.99152
4.628,9.99154
4.629,9.99154
4.63,9.99156
4.631,9.99158
4.632,9.99158
4.633,9.9916
4.634,9.9916
4.635,9.99162
4.636,9.99162
4.637,9.99164
4.638,9.99166
4.639,9.99166
4.64,9.99168
4.641,9.99168
4.642,9.9917
4.643,9.9917
4.644,9.99172
4.645,9.99172
4.646,9.99174
4.647,9.99176
4.648,9.99176
4.649,9.99178
4.65,9.99178
4.651,9.9918
4.652,9.9918
4.653,9.99182
4.654,9.99182
4.655,9.99184
4.656,9.99186
4.657,9.99186
4.658,9.99188
4.659,9.99188
4.66,9.9919
4.661,9.9919
4.662,9.99192
4.663,9.99192
4.664,9.99194
4.665,9.99194
4.666,9.99196
4.667,9.99198
4.668,9.99198
4.669,9.992
4.67,9.992
4.671,9.99202
4.672,9.99202
4.673,9.99204
4.674,9.99204
4.675,9.99206
4.676,9.99206
4.677,9.99208
4.678,9.99208
4.679,9.9921
4.68,9.99212
4.681,9.99212
4.682,9.99214
4.683,9.99214
4.684,9.99216
4.685,9.99216
4.686,9.99218
4.687,9.99218
4.688,9.9922
4.689,9.9922
4.69,9.99222
4.691,9.99222
4.692,9.99224
4.693,9.99224
4.694,9.99226
4.695,9.99226
4.696,9.99228
4.697,9.9923
4.698,9.9923
4.699,9.99232
4.7,9.99232
4.701,9.99234
4.702,9.99234
4.703,9.99236
4.704,9.99236
4.705,9.99238
4.706,9.99238
4.707,9.9924
4.708,9.9924
4.709,9.99242
4.71,9.99242
4.711,9.99244
4.712,9.99244
4.713,9.99246
4.714,9.99246
4.715,9.99248
4.716,9.99248
4.717,9.9925
4.718,9.9925
4.719,9.99252
4.72,9.99252
4.721,9.99254
4.722,9.99254
4.723,9.99256
4.724,9.99256
4.725,9.99258
4.726,9.99258
4.727,9.9926
4.728,9.9926
4.729,9.99262
4.73,9.99262
4.731,9.99264
4.732,9.99264
4.733,9.99266
4.734,9.99266
4.735,9.99268
4.736,9.99268
4.737,9.9927
4.738,9.9927
4.739,9.99272
4.74,9.99272
4.741,9.99274
4.742,9.99274
4.743,9.99276
4.744,9.99276
4.745,9.99278
4.746,9.99278
4.747,9.9928
4.748,9.9928
4.749,9.99282
4.75,9.99282
4.751,9.99284
4.752,9.99284
4.753,9.99286
4.754,9.99286
4.755,9.99288
4.756,9.99288
4.757,9.9929
4.758,9.9929
4.759,9.9929
4.76,9.99292
4.761,9.99292
4.762,9.99294
4.763,9.99294
4.764,9.99296
4.765,9.99296
4.766,9.99298
4.767,9.99298
4.768,9.993
4.769,9.993
4.77,9.99302
4.771,9.99302
4.772,9.99304
4.773,9.99304
4.774,9.99306
4.775,9.99306
4.776,9.99308
4.777,9.99308
4.778,9.99308
4.779,9.9931
4.78,9.9931
4.781,9.99312
4.782,9.99312
4.783,9.99314
4.784,9.99314
4.785,9.99316
4.786,9.99316
4.787,9.99318
4.788,9.99318
4.789,9.9932
4.79,9.9932
4.791,9.9932
4.792,9.99322
4.793,9.99322
4.794,9.99324
4.795,9.99324
4.796,9.99326
4.797,9.99326
4.798,9.99328
4.799,9.99328
4.8,9.9933
4.801,9.9933
4.802,9.9933
4.803,9.99332
4.804,9.99332
4.805,9.99334
4.806,9.99334
4.807,9.99336
4.808,9.99336
4.809,9.99338
4.81,9.99338
4.811,9.9934
4.812,9.9934
4.813,9.9934
4.814,9.99342
4.815,9.99342
4.816,9.99344
4.817,9.99344
4.818,9.99346
4.819,9.99346
4.82,9.99348
4.821,9.99348
4.822,9.99348
4.823,9.9935
4.824,9.9935
4.825,9.99352
4.826,9.99352
4.827,9.99354
4.828,9.99354
4.829,9.99354
4.83,9.99356
4.831,9.99356
4.832,9.99358
4.833,9.99358
4.834,9.9936
4.835,9.9936
4.836,9.99362
4.837,9.99362
4.838,9.99362
4.839,9.99364
4.84,9.99364
4.841,9.99366
4.842,9.99366
4.843,9.99368
4.844,9.99368
4.845,9.99368
4.846,9.9937
4.847,9.9937
4.848,9.99372
4.849,9.99372
4.85,9.99374
4.851,9.99374
4.852,9.99374
4.853,9.99376
4.854,9.99376
4.855,9.99378
4.856,9.99378
4.857,9.99378
4.858,9.9938
4.859,9.9938
4.86,9.99382
4.861,9.99382
4.862,9.99384
4.863,9.99384
4.864,9.99384
4.865,9.99386
4.866,9.99386
4.867,9.99388
4.868,9.99388
4.869,9.99388
4.87,9.9939
4.871,9.9939
4.872,9.99392
4.873,9.99392
4.874,9.99394
4.875,9.99394
4.876,9.99394
4.877,9.99396
4.878,9.99396
4.879,9.99398
4.88,9.99398
4.881,9.99398
4.882,9.994
4.883,9.994
4.884,9.99402
4.885,9.99402
4.886,9.99402
4.887,9.99404
4.888,9.99404
4.889,9.99406
4.89,9.99406
4.891,9.99406
4.892,9.99408
4.893,9.99408
4.894,9.9941
4.895,9.9941
4.896,9.9941
4.897,9.99412
4.898,9.99412
4.899,9.99414
4.9,9.99414
4.901,9.99414
4.902,9.99416
4.903,9.99416
4.904,9.99418
4.905,9.99418
4.906,9.99418
4.907,9.9942
4.908,9.9942
4.909,9.99422
4.91,9.99422
4.911,9.99422
4.912,9.99424
4.913,9.99424
4.914,9.99424
4.915,9.99426
4.916,9.99426
4.917,9.99428
4.918,9.99428
4.919,9.99428
4.92,9.9943
4.921,9.9943
4.922,9.99432
4.923,9.99432
4.924,9.99432
4.925,9.99434
4.926,9.99434
4.927,9.99434
4.928,9.99436
4.929,9.99436
4.93,9.99438
4.931,9.99438
4.932,9.99438
4.933,9.9944
4.934,9.9944
4.935,9.99442
4.936,9.99442
4.937,9.99442
4.938,9.99444
4.939,9.99444
4.94,9.99444
4.941,9.99446
4.942,9.99446
4.943,9.99448
4.944,9.99448
4.945,9.99448
4.946,9.9945
4.947,9.9945
4.948,9.9945
4.949,9.99452
4.95,9.99452
4.951,9.99452
4.952,9.99454
4.953,9.99454
4.954,9.99456
4.955,9.99456
4.956,9.99456
4.957,9.99458
4.958,9.99458
4.959,9.99458
4.96,9.9946
4.961,9.9946
4.962,9.99462
4.963,9.99462
4.964,9.99462
4.965,9.99464
4.966,9.99464
4.967,9.99464
4.968,9.99466
4.969,9.99466
4.97,9.99466
4.971,9.99468
4.972,9.99468
4.973,9.9947
4.974,9.9947
4.975,9.9947
4.976,9.99472
4.977,9.99472
4.978,9.99472
4.979,9.99474
4.98,9.99474
4.981,9.99474
4.982,9.99476
4.983,9.99476
4.984,9.99476
4.985,9.99478
4.986,9.99478
4.987,9.99478
4.988,9.9948
4.989,9.9948
4.99,9.99482
4.991,9.99482
4.992,9.99482
4.993,9.99484
4.994,9.99484
4.995,9.99484
4.996,9.99486
4.997,9.99486
4.998,9.99486
4.999,9.99488
5,9.99488
5.001,9.99488
5.002,9.9949
5.003,9.9949
5.004,9.9949
5.005,9.99492
5.006,9.99492
5.007,9.99492
5.008,9.99494
5.009,9.99494
5.01,9.99494
5.011,9.99496
5.012,9.99496
5.013,9.99496
5.014,9.99498
5.015,9.99498
5.016,9.99498
5.017,9.995
5.018,9.995
5.019,9.99502
5.02,9.99502
5.021,9.99502
5.022,9.99504
5.023,9.99504
5.024,9.99504
5.025,9.99506
5.026,9.99506
5.027,9.99506
5.028,9.99508
5.029,9.99508
5.03,9.99508
5.031,9.9951
5.032,9.9951
5.033,9.9951
5.034,9.99512
5.035,9.99512
5.036,9.99512
5.037,9.99512
5.038,9.99514
5.039,9.99514
5.04,9.99514
5.041,9.99516
5.042,9.99516
5.043,9.99516
5.044,9.99518
5.045,9.99518
5.046,9.99518
5.047,9.9952
5.048,9.9952
5.049,9.9952
5.05,9.99522
5.051,9.99522
5.052,9.99522
5.053,9.99524
5.054,9.99524
5.055,9.99524
5.056,9.99526
5.057,9.99526
5.058,9.99526
5.059,9.99528
5.06,9.99528
5.061,9.99528
5.062,9.9953
5.063,9.9953
5.064,9.9953
5.065,9.99532
5.066,9.99532
5.067,9.99532
5.068,9.99532
5.069,9.99534
5.07,9.99534
5.071,9.99534
5.072,9.99536
5.073,9.99536
5.074,9.99536
5.075,9.99538
5.076,9.99538
5.077,9.99538
5.078,9.9954
5.079,9.9954
5.08,9.9954
5.081,9.99542
5.082,9.99542
5.083,9.99542
5.084,9.99542
5.085,9.99544
5.086,9.99544
5.087,9.99544
5.088,9.99546
5.089,9.99546
5.09,9.99546
5.091,9.99548
5.092,9.99548
5.093,9.99548
5.094,9.9955
5.095,9.9955
5.096,9.9955
5.097,9.9955
5.098,9.99552
5.099,9.99552
5.1,9.99552
5.101,9.99554
5.102,9.99554
5.103,9.99554
5.104,9.99556
5.105,9.99556
5.106,9.99556
5.107,9.99556
5.108,9.99558
5.109,9.99558
5.11,9.99558
5.111,9.9956
5.112,9.9956
5.113,9.9956
5.114,9.99562
5.115,9.99562
5.116,9.99562
5.117,9.99562
5.118,9.99564
5.119,9.99564
5.12,9.99564
5.121,9.99566
5.122,9.99566
5.123,9.99566
5.124,9.99568
5.125,9.99568
5.126,9.99568
5.127,9.99568
5.128,9.9957
5.129,9.9957
5.13,9.9957
5.131,9.99572
5.132,9.99572
5.133,9.99572
5.134,9.99572
5.135,9.99574
5.136,9.99574
5.137,9.99574
5.138,9.99576
5.139,9.99576
5.14,9.99576
5.141,9.99576
5.142,9.99578
5.143,9.99578
5.144,9.99578
5.145,9.9958
5.146,9.9958
5.147,9.9958
5.148,9.9958
5.149,9.99582
5.15,9.99582
5.151,9.99582
5.152,9.99584
5.153,9.99584
5.154,9.99584
5.155,9.99584
5.156,9.99586
5.157,9.99586
5.158,9.99586
5.159,9.99588
5.16,9.99588
5.161,9.99588
5.162,9.99588
5.163,9.9959
5.164,9.9959
5.165,9.9959
5.166,9.9959
5.167,9.99592
5.168,9.99592
5.169,9.99592
5.17,9.99594
5.171,9.99594
5.172,9.99594
5.173,9.99594
5.174,9.99596
5.175,9.99596
5.176,9.99596
5.177,9.99596
5.178,9.99598
5.179,9.99598
5.18,9.99598
5.181,9.996
5.182,9.996
5.183,9.996
5.184,9.996
5.185,9.99602
5.186,9.99602
5.187,9.99602
5.188,9.99602
5.189,9.99604
5.19,9.99604
5.191,9.99604
5.192,9.99606
5.193,9.99606
5.194,9.99606
5.195,9.99606
5.196,9.99608
5.197,9.99608
5.198,9.99608
5.199,9.99608
5.2,9.9961
5.201,9.9961
5.202,9.9961
5.203,9.9961
5.204,9.99612
5.205,9.99612
5.206,9.99612
5.207,9.99612
5.208,9.99614
5.209,9.99614
5.21,9.99614
5.211,9.99616
5.212,9.99616
5.213,9.99616
5.214,9.99616
5.215,9.99618
5.216,9.99618
5.217,9.99618
5.218,9.99618
5.219,9.9962
5.22,9.9962
5.221,9.9962
5.222,9.9962
5.223,9.99622
5.224,9.99622
5.225,9.99622
5.226,9.99622
5.227,9.99624
5.228,9.99624
5.229,9.99624
5.23,9.99624
5.231,9.99626
5.232,9.99626
5.233,9.99626
5.234,9.99626
5.235,9.99628
5.236,9.99628
5.237,9.99628
5.238,9.99628
5.239,9.9963
5.24,9.9963
5.241,9.9963
5.242,9.9963
5.243,9.99632
5.244,9.99632
5.245,9.99632
5.246,9.99632
5.247,9.99634
5.248,9.99634
5.249,9.99634
5.25,9.99634
5.251,9.99636
5.252,9.99636
5.253,9.99636
5.254,9.99636
5.255,9.99638
5.256,9.99638
5.257,9.99638
5.258,9.99638
5.259,9.9964
5.26,9.9964
5.261,9.9964
5.262,9.9964
5.263,9.99642
5.264,9.99642
5.265,9.99642
5.266,9.99642
5.267,9.99644
5.268,9.99644
5.269,9.99644
5.27,9.99644
5.271,9.99646
5.272,9.99646
5.273,9.99646
5.274,9.99646
5.275,9.99646
5.276,9.99648
5.277,9.99648
5.278,9.99648
5.279,9.99648
5.28,9.9965
5.281,9.9965
5.282,9.9965
5.283,9.9965
5.284,9.99652
5.285,9.99652
5.286,9.99652
5.287,9.99652
5.288,9.99654
5.289,9.99654
5.29,9.99654
5.291,9.99654
5.292,9.99654
5.293,9.99656
5.294,9.99656
5.295,9.99656
5.296,9.99656
5.297,9.99658
5.298,9.99658
5.299,9.99658
5.3,9.99658
5.301,9.9966
5.302,9.9966
5.303,9.9966
5.304,9.9966
5.305,9.9966
5.306,9.99662
5.307,9.99662
5.308,9.99662
5.309,9.99662
5.31,9.99664
5.311,9.99664
5.312,9.99664
5.313,9.99664
5.314,9.99666
5.315,9.99666
5.316,9.99666
5.317,9.99666
5.318,9.99666
5.319,9.99668
5.32,9.99668
5.321,9.99668
5.322,9.99668
5.323,9.9967
5.324,9.9967
5.325,9.9967
5.326,9.9967
5.327,9.9967
5.328,9.99672
5.329,9.99672
5.33,9.99672
5.331,9.99672
5.332,9.99674
5.333,9.99674
5.334,9.99674
5.335,9.99674
5.336,9.99674
5.337,9.99676
5.338,9.99676
5.339,9.99676
5.34,9.99676
5.341,9.99678
5.342,9.99678
5.343,9.99678
5.344,9.99678
5.345,9.99678
5.346,9.9968
5.347,9.9968
5.348,9.9968
5.349,9.9968
5.35,9.9968
5.351,9.99682
5.352,9.99682
5.353,9.99682
5.354,9.99682
5.355,9.99684
5.356,9.99684
5.357,9.99684
5.358,9.99684
5.359,9.99684
5.36,9.99686
5.361,9.99686
5.362,9.99686
5.363,9.99686
5.364,9.99686
5.365,9.99688
5.366,9.99688
5.367,9.99688
5.368,9.99688
5.369,9.9969
5.37,9.9969
5.371,9.9969
5.372,9.9969
5.373,9.9969
5.374,9.99692
5.375,9.99692
5.376,9.99692
5.377,9.99692
5.378,9.99692
5.379,9.99694
5.38,9.99694
5.381,9.99694
5.382,9.99694
5.383,9.99694
5.384,9.99696
5.385,9.99696
5.386,9.99696
5.387,9.99696
5.388,9.99696
5.389,9.99698
5.39,9.99698
5.391,9.99698
5.392,9.99698
5.393,9.99698
5.394,9.997
5.395,9.997
5.396,9.997
5.397,9.997
5.398,9.997
5.399,9.99702
5.4,9.99702
5.401,9.99702
5.402,9.99702
5.403,9.99702
5.404,9.99704
5.405,9.99704
5.406,9.99704
5.407,9.99704
5.408,9.99704
5.409,9.99706
5.41,9.99706
5.411,9.99706
5.412,9.99706
5.413,9.99706
5.414,9.99708
5.415,9.99708
5.416,9.99708
5.417,9.99708
5.418,9.99708
5.419,9.9971
5.42,9.9971
5.421,9.9971
5.422,9.9971
5.423,9.9971
5.424,9.99712
5.425,9.99712
5.426,9.99712
5.427,9.99712
5.428,9.99712
5.429,9.99714
5.43,9.99714
5.431,9.99714
5.432,9.99714
5.433,9.99714
5.434,9.99716
5.435,9.99716
5.436,9.99716
5.437,9.99716
5.438,9.99716
5.439,9.99718
5.44,9.99718
5.441,9.99718
5.442,9.99718
5.443,9.99718
5.444,9.9972
5.445,9.9972
5.446,9.9972
5.447,9.9972
5.448,9.9972
5.449,9.9972
5.45,9.99722
5.451,9.99722
5.452,9.99722
5.453,9.99722
5.454,9.99722
5.455,9.99724
5.456,9.99724
5.457,9.99724
5.458,9.99724
5.459,9.99724
5.46,9.99726
5.461,9.99726
5.462,9.99726
5.463,9.99726
5.464,9.99726
5.465,9.99726
5.466,9.99728
5.467,9.99728
5.468,9.99728
5.469,9.99728
5.47,9.99728
5.471,9.9973
5.472,9.9973
5.473,9.9973
5.474,9.9973
5.475,9.9973
5.476,9.9973
5.477,9.99732
5.478,9.99732
5.479,9.99732
5.48,9.99732
5.481,9.99732
5.482,9.99734
5.483,9.99734
5.484,9.99734
5.485,9.99734
5.486,9.99734
5.487,9.99734
5.488,9.99736
5.489,9.99736
5.49,9.99736
5.491,9.99736
5.492,9.99736
5.493,9.99738
5.494,9.99738
5.495,9.99738
5.496,9.99738
5.497,9.99738
5.498,9.99738
5.499,9.9974
5.5,9.9974
5.501,9.9974
5.502,9.9974
5.503,9.9974
5.504,9.9974
5.505,9.99742
5.506,9.99742
5.507,9.99742
5.508,9.99742
5.509,9.99742
5.51,9.99742
5.511,9.99744
5.512,9.99744
5.513,9.99744
5.514,9.99744
5.515,9.99744
5.516,9.99746
5.517,9.99746
5.518,9.99746
5.519,9.99746
5.52,9.99746
5.521,9.99746
5.522,9.99748
5.523,9.99748
5.524,9.99748
5.525,9.99748
5.526,9.99748
5.527,9.99748
5.528,9.9975
5.529,9.9975
5.53,9.9975
5.531,9.9975
5.532,9.9975
5.533,9.9975
5.534,9.99752
5.535,9.99752
5.536,9.99752
5.537,9.99752
5.538,9.99752
5.539,9.99752
5.54,9.99754
5.541,9.99754
5.542,9.99754
5.543,9.99754
5.544,9.99754
5.545,9.99754
5.546,9.99756
5.547,9.99756
5.548,9.99756
5.549,9.99756
5.55,9.99756
5.551,9.99756
5.552,9.99758
5.553,9.99758
5.554,9.99758
5.555,9.99758
5.556,9.99758
5.557,9.99758
5.558,9.9976
5.559,9.9976
5.56,9.9976
5.561,9.9976
5.562,9.9976
5.563,9.9976
5.564,9.99762
5.565,9.99762
5.566,9.99762
5.567,9.99762
5.568,9.99762
5.569,9.99762
5.57,9.99762
5.571,9.99764
5.572,9.99764
5.573,9.99764
5.574,9.99764
5.575,9.99764
5.576,9.99764
5.577,9.99766
5.578,9.99766
5.579,9.99766
5.58,9.99766
5.581,9.99766
5.582,9.99766
5.583,9.99768
5.584,9.99768
5.585,9.99768
5.586,9.99768
5.587,9.99768
5.588,9.99768
5.589,9.99768
5.59,9.9977
5.591,9.9977
5.592,9.9977
5.593,9.9977
5.594,9.9977
5.595,9.9977
5.596,9.99772
5.597,9.99772
5.598,9.99772
5.599,9.99772
5.6,9.99772
5.601,9.99772
5.602,9.99774
5.603,9.99774
5.604,9.99774
5.605,9.99774
5.606,9.99774
5.607,9.99774
5.608,9.99774
5.609,9.99776
5.61,9.99776
5.611,9.99776
5.612,9.99776
5.613,9.99776
5.614,9.99776
5.615,9.99776
5.616,9.99778
5.617,9.99778
5.618,9.99778
5.619,9.99778
5.62,9.99778
5.621,9.99778
5.622,9.9978
5.623,9.9978
5.624,9.9978
5.625,9.9978
5.626,9.9978
5.627,9.9978
5.628,9.9978
5.629,9.99782
5.63,9.99782
5.631,9.99782
5.632,9.99782
5.633,9.99782
5.634,9.99782
5.635,9.99782
5.636,9.99784
5.637,9.99784
5.638,9.99784
5.639,9.99784
5.64,9.99784
5.641,9.99784
5.642,9.99784
5.643,9.99786
5.644,9.99786
5.645,9.99786
5.646,9.99786
5.647,9.99786
5.648,9.99786
5.649,9.99786
5.65,9.99788
5.651,9.99788
5.652,9.99788
5.653,9.99788
5.654,9.99788
5.655,9.99788
5.656,9.99788
5.657,9.9979
5.658,9.9979
5.659,9.9979
5.66,9.9979
5.661,9.9979
5.662,9.9979
5.663,9.9979
5.664,9.99792
5.665,9.99792
5.666,9.99792
5.667,9.99792
5.668,9.99792
5.669,9.99792
5.67,9.99792
5.671,9.99794
5.672,9.99794
5.673,9.99794
5.674,9.99794
5.675,9.99794
5.676,9.99794
5.677,9.99794
5.678,9.99796
5.679,9.99796
5.68,9.99796
5.681,9.99796
5.682,9.99796
5.683,9.99796
5.684,9.99796
5.685,9.99798
5.686,9.99798
5.687,9.99798
5.688,9.99798
5.689,9.99798
5.69,9.99798
5.691,9.99798
5.692,9.998
5.693,9.998
5.694,9.998
5.695,9.998
5.696,9.998
5.697,9.998
5.698,9.998
5.699,9.998
5.7,9.99802
5.701,9.99802
5.702,9.99802
5.703,9.99802
5.704,9.99802
5.705,9.99802
5.706,9.99802
5.707,9.99804
5.708,9.99804
5.709,9.99804
5.71,9.99804
5.711,9.99804
5.712,9.99804
5.713,9.99804
5.714,9.99804
5.715,9.99806
5.716,9.99806
5.717,9.99806
5.718,9.99806
5.719,9.99806
5.72,9.99806
5.721,9.99806
5.722,9.99806
5.723,9.99808
5.724,9.99808
5.725,9.99808
5.726,9.99808
5.727,9.99808
5.728,9.99808
5.729,9.99808
5.73,9.9981
5.731,9.9981
5.732,9.9981
5.733,9.9981
5.734,9.9981
5.735,9.9981
5.736,9.9981
5.737,9.9981
5.738,9.99812
5.739,9.99812
5.74,9.99812
5.741,9.99812
5.742,9.99812
5.743,9.99812
5.744,9.99812
5.745,9.99812
5.746,9.99814
5.747,9.99814
5.748,9.99814
5.749,9.99814
5.75,9.99814
5.751,9.99814
5.752,9.99814
5.753,9.99814
5.754,9.99816
5.755,9.99816
5.756,9.99816
5.757,9.99816
5.758,9.99816
5.759,9.99816
5.76,9.99816
5.761,9.99816
5.762,9.99818
5.763,9.99818
5.764,9.99818
5.765,9.99818
5.766,9.99818
5.767,9.99818
5.768,9.99818
5.769,9.99818
5.77,9.9982
5.771,9.9982
5.772,9.9982
5.773,9.9982
5.774,9.9982
5.775,9.9982
5.776,9.9982
5.777,9.9982
5.778,9.99822
5.779,9.99822
5.78,9.99822
5.781,9.99822
5.782,9.99822
5.783,9.99822
5.784,9.99822
5.785,9.99822
5.786,9.99822
5.787,9.99824
5.788,9.99824
5.789,9.99824
5.79,9.99824
5.791,9.99824
5.792,9.99824
5.793,9.99824
5.794,9.99824
5.795,9.99826
5.796,9.99826
5.797,9.99826
5.798,9.99826
5.799,9.99826
5.8,9.99826
5.801,9.99826
5.802,9.99826
5.803,9.99826
5.804,9.99828
5.805,9.99828
5.806,9.99828
5.807,9.99828
5.808,9.99828
5.809,9.99828
5.81,9.99828
5.811,9.99828
5.812,9.9983
5.813,9.9983
5.814,9.9983
5.815,9.9983
5.816,9.9983
5.817,9.9983
5.818,9.9983
5.819,9.9983
5.82,9.9983
5.821,9.99832
5.822,9.99832
5.823,9.99832
5.824,9.99832
5.825,9.99832
5.826,9.99832
5.827,9.99832
5.828,9.99832
5.829,9.99832
5.83,9.99834
5.831,9.99834
5.832,9.99834
5.833,9.99834
5.834,9.99834
5.835,9.99834
5.836,9.99834
5.837,9.99834
5.838,9.99834
5.839,9.99836
5.84,9.99836
5.841,9.99836
5.842,9.99836
5.843,9.99836
5.844,9.99836
5.845,9.99836
5.846,9.99836
5.847,9.99836
5.848,9.99838
5.849,9.99838
5.85,9.99838
5.851,9.99838
5.852,9.99838
5.853,9.99838
5.854,9.99838
5.855,9.99838
5.856,9.99838
5.857,9.9984
5.858,9.9984
5.859,9.9984
5.86,9.9984
5.861,9.9984
5.862,9.9984
5.863,9.9984
5.864,9.9984
5.865,9.9984
5.866,9.99842
5.867,9.99842
5.868,9.99842
5.869,9.99842
5.87,9.99842
5.871,9.99842
5.872,9.99842
5.873,9.99842
5.874,9.99842
5.875,9.99844
5.876,9.99844
5.877,9.99844
5.878,9.99844
5.879,9.99844
5.88,9.99844
5.881,9.99844
5.882,9.99844
5.883,9.99844
5.884,9.99844
5.885,9.99846
5.886,9.99846
5.887,9.99846
5.888,9.99846
5.889,9.99846
5.89,9.99846
5.891,9.99846
5.892,9.99846
5.893,9.99846
5.894,9.99848
5.895,9.99848
5.896,9.99848
5.897,9.99848
5.898,9.99848
5.899,9.99848
5.9,9.99848
5.901,9.99848
5.902,9.99848
5.903,9.99848
5.904,9.9985
5.905,9.9985
5.906,9.9985
5.907,9.9985
5.908,9.9985
5.909,9.9985
5.91,9.9985
5.911,9.9985
5.912,9.9985
5.913,9.9985
5.914,9.99852
5.915,9.99852
5.916,9.99852
5.917,9.99852
5.918,9.99852
5.919,9.99852
5.92,9.99852
5.921,9.99852
5.922,9.99852
5.923,9.99852
5.924,9.99854
5.925,9.99854
5.926,9.99854
5.927,9.99854
5.928,9.99854
5.929,9.99854
5.93,9.99854
5.931,9.99854
5.932,9.99854
5.933,9.99854
5.934,9.99856
5.935,9.99856
5.936,9.99856
5.937,9.99856
5.938,9.99856
5.939,9.99856
5.94,9.99856
5.941,9.99856
5.942,9.99856
5.943,9.99856
5.944,9.99858
5.945,9.99858
5.946,9.99858
5.947,9.99858
5.948,9.99858
5.949,9.99858
5.95,9.99858
5.951,9.99858
5.952,9.99858
5.953,9.99858
5.954,9.99858
5.955,9.9986
5.956,9.9986
5.957,9.9986
5.958,9.9986
5.959,9.9986
5.96,9.9986
5.961,9.9986
5.962,9.9986
5.963,9.9986
5.964,9.9986
5.965,9.99862
5.966,9.99862
5.967,9.99862
5.968,9.99862
5.969,9.99862
5.97,9.99862
5.971,9.99862
5.972,9.99862
5.973,9.99862
5.974,9.99862
5.975,9.99862
5.976,9.99864
5.977,9.99864
5.978,9.99864
5.979,9.99864
5.98,9.99864
5.981,9.99864
5.982,9.99864
5.983,9.99864
5.984,9.99864
5.985,9.99864
5.986,9.99864
5.987,9.99866
5.988,9.99866
5.989,9.99866
5.99,9.99866
5.991,9.99866
5.992,9.99866
5.993,9.99866
5.994,9.99866
5.995,9.99866
5.996,9.99866
5.997,9.99866
5.998,9.99868
5.999,9.99868
6,9.99868
6.001,9.99868
6.002,9.99868
6.003,9.99868
6.004,9.99868
6.005,9.99868
6.006,9.99868
6.007,9.99868
6.008,9.99868
6.009,9.9987
6.01,9.9987
6.011,9.9987
6.012,9.9987
6.013,9.9987
6.014,9.9987
6.015,9.9987
6.016,9.9987
6.017,9.9987
6.018,9.9987
6.019,9.9987
6.02,9.9987
6.021,9.99872
6.022,9.99872
6.023,9.99872
6.024,9.99872
6.025,9.99872
6.026,9.99872
6.027,9.99872
6.028,9.99872
6.029,9.99872
6.03,9.99872
6.031,9.99872
6.032,9.99874
6.033,9.99874
6.034,9.99874
6.035,9.99874
6.036,9.99874
6.037,9.99874
6.038,9.99874
6.039,9.99874
6.04,9.99874
6.041,9.99874
6.042,9.99874
6.043,9.99874
6.044,9.99876
6.045,9.99876
6.046,9.99876
6.047,9.99876
6.048,9.99876
6.049,9.99876
6.05,9.99876
6.051,9.99876
6.052,9.99876
6.053,9.99876
6.054,9.99876
6.055,9.99876
6.056,9.99878
6.057,9.99878
6.058,9.99878
6.059,9.99878
6.06,9.99878
6.061,9.99878
6.062,9.99878
6.063,9.99878
6.064,9.99878
6.065,9.99878
6.066,9.99878
6.067,9.99878
6.068,9.9988
6.069,9.9988
6.07,9.9988
6.071,9.9988
6.072,9.9988
6.073,9.9988
6.074,9.9988
6.075,9.9988
6.076,9.9988
6.077,9.9988
6.078,9.9988
6.079,9.9988
6.08,9.99882
6.081,9.99882
6.082,9.99882
6.083,9.99882
6.084,9.99882
6.085,9.99882
6.086,9.99882
6.087,9.99882
6.088,9.99882
6.089,9.99882
6.09,9.99882
6.091,9.99882
6.092,9.99882
6.093,9.99884
6.094,9.99884
6.095,9.99884
6.096,9.99884
6.097,9.99884
6.098,9.99884
6.099,9.99884
6.1,9.99884
6.101,9.99884
6.102,9.99884
6.103,9.99884
6.104,9.99884
6.105,9.99884
6.106,9.99886
6.107,9.99886
6.108,9.99886
6.109,9.99886
6.11,9.99886
6.111,9.99886
6.112,9.99886
6.113,9.99886
6.114,9.99886
6.115,9.99886
6.116,9.99886
6.117,9.99886
6.118,9.99886
6.119,9.99888
6.12,9.99888
6.121,9.99888
6.122,9.99888
6.123,9.99888
6.124,9.99888
6.125,9.99888
6.126,9.99888
6.127,9.99888
6.128,9.99888
6.129,9.99888
6.13,9.99888
6.131,9.99888
6.132,9.9989
6.133,9.9989
6.134,9.9989
6.135,9.9989
6.136,9.9989
6.137,9.9989
6.138,9.9989
6.139,9.9989
6.14,9.9989
6.141,9.9989
6.142,9.9989
6.143,9.9989
6.144,9.9989
6.145,9.99892
6.146,9.99892
6.147,9.99892
6.148,9.99892
6.149,9.99892
6.15,9.99892
6.151,9.99892
6.152,9.99892
6.153,9.99892
6.154,9.99892
6.155,9.99892
6.156,9.99892
6.157,9.99892
6.158,9.99892
6.159,9.99894
6.16,9.99894
6.161,9.99894
6.162,9.99894
6.163,9.99894
6.164,9.99894
6.165,9.99894
6.166,9.99894
6.167,9.99894
6.168,9.99894
6.169,9.99894
6.17,9.99894
6.171,9.99894
6.172,9.99894
6.173,9.99896
6.174,9.99896
6.175,9.99896
6.176,9.99896
6.177,9.99896
6.178,9.99896
6.179,9.99896
6.18,9.99896
6.181,9.99896
6.182,9.99896
6.183,9.99896
6.184,9.99896
6.185,9.99896
6.186,9.99896
6.187,9.99898
6.188,9.99898
6.189,9.99898
6.19,9.99898
6.191,9.99898
6.192,9.99898
6.193,9.99898
6.194,9.99898
6.195,9.99898
6.196,9.99898
6.197,9.99898
6.198,9.99898
6.199,9.99898
6.2,9.99898
6.201,9.99898
6.202,9.999
6.203,9.999
6.204,9.999
6.205,9.999
6.206,9.999
6.207,9.999
6.208,9.999
6.209,9.999
6.21,9.999
6.211,9.999
6.212,9.999
6.213,9.999
6.214,9.999
6.215,9.999
6.216,9.999
6.217,9.99902
6.218,9.99902
6.219,9.99902
6.22,9.99902
6.221,9.99902
6.222,9.99902
6.223,9.99902
6.224,9.99902
6.225,9.99902
6.226,9.99902
6.227,9.99902
6.228,9.99902
6.229,9.99902
6.23,9.99902
6.231,9.99902
6.232,9.99904
6.233,9.99904
6.234,9.99904
6.235,9.99904
6.236,9.99904
6.237,9.99904
6.238,9.99904
6.239,9.99904
6.24,9.99904
6.241,9.99904
6.242,9.99904
6.243,9.99904
6.244,9.99904
6.245,9.99904
6.246,9.99904
6.247,9.99906
6.248,9.99906
6.249,9.99906
6.25,9.99906
6.251,9.99906
6.252,9.99906
6.253,9.99906
6.254,9.99906
6.255,9.99906
6.256,9.99906
6.257,9.99906
6.258,9.99906
6.259,9.99906
6.26,9.99906
6.261,9.99906
6.262,9.99906
6.263,9.99908
6.264,9.99908
6.265,9.99908
6.266,9.99908
6.267,9.99908
6.268,9.99908
6.269,9.99908
6.27,9.99908
6.271,9.99908
6.272,9.99908
6.273,9.99908
6.274,9.99908
6.275,9.99908
6.276,9.99908
6.277,9.99908
6.278,9.99908
6.279,9.9991
6.28,9.9991
6.281,9.9991
6.282,9.9991
6.283,9.9991
6.284,9.9991
6.285,9.9991
6.286,9.9991
6.287,9.9991
6.288,9.9991
6.289,9.9991
6.29,9.9991
6.291,9.9991
6.292,9.9991
6.293,9.9991
6.294,9.9991
6.295,9.99912
6.296,9.99912
6.297,9.99912
6.298,9.99912
6.299,9.99912
6.3,9.99912
6.301,9.99912
6.302,9.99912
6.303,9.99912
6.304,9.99912
6.305,9.99912
6.306,9.99912
6.307,9.99912
6.308,9.99912
6.309,9.99912
6.31,9.99912
6.311,9.99912
6.312,9.99914
6.313,9.99914
6.314,9.99914
6.315,9.99914
6.316,9.99914
6.317,9.99914
6.318,9.99914
6.319,9.99914
6.32,9.99914
6.321,9.99914
6.322,9.99914
6.323,9.99914
6.324,9.99914
6.325,9.99914
6.326,9.99914
6.327,9.99914
6.328,9.99914
6.329,9.99916
6.33,9.99916
6.331,9.99916
6.332,9.99916
6.333,9.99916
6.334,9.99916
6.335,9.99916
6.336,9.99916
6.337,9.99916
6.338,9.99916
6.339,9.99916
6.34,9.99916
6.341,9.99916
6.342,9.99916
6.343,9.99916
6.344,9.99916
6.345,9.99916
6.346,9.99916
6.347,9.99918
6.348,9.99918
6.349,9.99918
6.35,9.99918
6.351,9.99918
6.352,9.99918
6.353,9.99918
6.354,9.99918
6.355,9.99918
6.356,9.99918
6.357,9.99918
6.358,9.99918
6.359,9.99918
6.36,9.99918
6.361,9.99918
6.362,9.99918
6.363,9.99918
6.364,9.99918
6.365,9.9992
6.366,9.9992
6.367,9.9992
6.368,9.9992
6.369,9.9992
6.37,9.9992
6.371,9.9992
6.372,9.9992
6.373,9.9992
6.374,9.9992
6.375,9.9992
6.376,9.9992
6.377,9.9992
6.378,9.9992
6.379,9.9992
6.38,9.9992
6.381,9.9992
6.382,9.9992
6.383,9.9992
6.384,9.99922
6.385,9.99922
6.386,9.99922
6.387,9.99922
6.388,9.99922
6.389,9.99922
6.39,9.99922
6.391,9.99922
6.392,9.99922
6.393,9.99922
6.394,9.99922
6.395,9.99922
6.396,9.99922
6.397,9.99922
6.398,9.99922
6.399,9.99922
6.4,9.99922
6.401,9.99922
6.402,9.99922
6.403,9.99924
6.404,9.99924
6.405,9.99924
6.406,9.99924
6.407,9.99924
6.408,9.99924
6.409,9.99924
6.41,9.99924
6.411,9.99924
6.412,9.99924
6.413,9.99924
6.414,9.99924
6.415,9.99924
6.416,9.99924
6.417,9.99924
6.418,9.99924
6.419,9.99924
6.42,9.99924
6.421,9.99924
6.422,9.99926
6.423,9.99926
6.424,9.99926
6.425,9.99926
6.426,9.99926
6.427,9.99926
6.428,9.99926
6.429,9.99926
6.43,9.99926
6.431,9.99926
6.432,9.99926
6.433,9.99926
6.434,9.99926
6.435,9.99926
6.436,9.99926
6.437,9.99926
6.438,9.99926
6.439,9.99926
6.44,9.99926
6.441,9.99926
6.442,9.99928
6.443,9.99928
6.444,9.99928
6.445,9.99928
6.446,9.99928
6.447,9.99928
6.448,9.99928
6.449,9.99928
6.45,9.99928
6.451,9.99928
6.452,9.99928
6.453,9.99928
6.454,9.99928
6.455,9.99928
6.456,9.99928
6.457,9.99928
6.458,9.99928
6.459,9.99928
6.46,9.99928
6.461,9.99928
6.462,9.99928
6.463,9.9993
6.464,9.9993
6.465,9.9993
6.466,9.9993
6.467,9.9993
6.468,9.9993
6.469,9.9993
6.47,9.9993
6.471,9.9993
6.472,9.9993
6.473,9.9993
6.474,9.9993
6.475,9.9993
6.476,9.9993
6.477,9.9993
6.478,9.9993
6.479,9.9993
6.48,9.9993
6.481,9.9993
6.482,9.9993
6.483,9.9993
6.484,9.99932
6.485,9.99932
6.486,9.99932
6.487,9.99932
6.488,9.99932
6.489,9.99932
6.49,9.99932
6.491,9.99932
6.492,9.99932
6.493,9.99932
6.494,9.99932
6.495,9.99932
6.496,9.99932
6.497,9.99932
6.498,9.99932
6.499,9.99932
6.5,9.99932
6.501,9.99932
6.502,9.99932
6.503,9.99932
6.504,9.99932
6.505,9.99932
6.506,9.99934
6.507,9.99934
6.508,9.99934
6.509,9.99934
6.51,9.99934
6.511,9.99934
6.512,9.99934
6.513,9.99934
6.514,9.99934
6.515,9.99934
6.516,9.99934
6.517,9.99934
6.518,9.99934
6.519,9.99934
6.52,9.99934
6.521,9.99934
6.522,9.99934
6.523,9.99934
6.524,9.99934
6.525,9.99934
6.526,9.99934
6.527,9.99934
6.528,9.99936
6.529,9.99936
6.53,9.99936
6.531,9.99936
6.532,9.99936
6.533,9.99936
6.534,9.99936
6.535,9.99936
6.536,9.99936
6.537,9.99936
6.538,9.99936
6.539,9.99936
6.54,9.99936
6.541,9.99936
6.542,9.99936
6.543,9.99936
6.544,9.99936
6.545,9.99936
6.546,9.99936
6.547,9.99936
6.548,9.99936
6.549,9.99936
6.55,9.99936
6.551,9.99938
6.552,9.99938
6.553,9.99938
6.554,9.99938
6.555,9.99938
6.556,9.99938
6.557,9.99938
6.558,9.99938
6.559,9.99938
6.56,9.99938
6.561,9.99938
6.562,9.99938
6.563,9.99938
6.564,9.99938
6.565,9.99938
6.566,9.99938
6.567,9.99938
6.568,9.99938
6.569,9.99938
6.57,9.99938
6.571,9.99938
6.572,9.99938
6.573,9.99938
6.574,9.99938
6.575,9.9994
6.576,9.9994
6.577,9.9994
6.578,9.9994
6.579,9.9994
6.58,9.9994
6.581,9.9994
6.582,9.9994
6.583,9.9994
6.584,9.9994
6.585,9.9994
6.586,9.9994
6.587,9.9994
6.588,9.9994
6.589,9.9994
6.59,9.9994
6.591,9.9994
6.592,9.9994
6.593,9.9994
6.594,9.9994
6.595,9.9994
6.596,9.9994
6.597,9.9994
6.598,9.9994
6.599,9.9994
6.6,9.99942
6.601,9.99942
6.602,9.99942
6.603,9.99942
6.604,9.99942
6.605,9.99942
6.606,9.99942
6.607,9.99942
6.608,9.99942
6.609,9.99942
6.61,9.99942
6.611,9.99942
6.612,9.99942
6.613,9.99942
6.614,9.99942
6.615,9.99942
6.616,9.99942
6.617,9.99942
6.618,9.99942
6.619,9.99942
6.62,9.99942
6.621,9.99942
6.622,9.99942
6.623,9.99942
6.624,9.99942
6.625,9.99944
6.626,9.99944
6.627,9.99944
6.628,9.99944
6.629,9.99944
6.63,9.99944
6.631,9.99944
6.632,9.99944
6.633,9.99944
6.634,9.99944
6.635,9.99944
6.636,9.99944
6.637,9.99944
6.638,9.99944
6.639,9.99944
6.64,9.99944
6.641,9.99944
6.642,9.99944
6.643,9.99944
6.644,9.99944
6.645,9.99944
6.646,9.99944
6.647,9.99944
6.648,9.99944
6.649,9.99944
6.65,9.99944
6.651,9.99944
6.652,9.99946
6.653,9.99946
6.654,9.99946
6.655,9.99946
6.656,9.99946
6.657,9.99946
6.658,9.99946
6.659,9.99946
6.66,9.99946
6.661,9.99946
6.662,9.99946
6.663,9.99946
6.664,9.99946
6.665,9.99946
6.666,9.99946
6.667,9.99946
6.668,9.99946
6.669,9.99946
6.67,9.99946
6.671,9.99946
6.672,9.99946
6.673,9.99946
6.674,9.99946
6.675,9.99946
6.676,9.99946
6.677,9.99946
6.678,9.99946
6.679,9.99948
6.68,9.99948
6.681,9.99948
6.682,9.99948
6.683,9.99948
6.684,9.99948
6.685,9.99948
6.686,9.99948
6.687,9.99948
6.688,9.99948
6.689,9.99948
6.69,9.99948
6.691,9.99948
6.692,9.99948
6.693,9.99948
6.694,9.99948
6.695,9.99948
6.696,9.99948
6.697,9.99948
6.698,9.99948
6.699,9.99948
6.7,9.99948
6.701,9.99948
6.702,9.99948
6.703,9.99948
6.704,9.99948
6.705,9.99948
6.706,9.99948
6.707,9.99948
6.708,9.9995
6.709,9.9995
6.71,9.9995
6.711,9.9995
6.712,9.9995
6.713,9.9995
6.714,9.9995
6.715,9.9995
6.716,9.9995
6.717,9.9995
6.718,9.9995
6.719,9.9995
6.72,9.9995
6.721,9.9995
6.722,9.9995
6.723,9.9995
6.724,9.9995
6.725,9.9995
6.726,9.9995
6.727,9.9995
6.728,9.9995
6.729,9.9995
6.73,9.9995
6.731,9.9995
6.732,9.9995
6.733,9.9995
6.734,9.9995
6.735,9.9995
6.736,9.9995
6.737,9.99952
6.738,9.99952
6.739,9.99952
6.74,9.99952
6.741,9.99952
6.742,9.99952
6.743,9.99952
6.744,9.99952
6.745,9.99952
6.746,9.99952
6.747,9.99952
6.748,9.99952
6.749,9.99952
6.75,9.99952
6.751,9.99952
6.752,9.99952
6.753,9.99952
6.754,9.99952
6.755,9.99952
6.756,9.99952
6.757,9.99952
6.758,9.99952
6.759,9.99952
6.76,9.99952
6.761,9.99952
6.762,9.99952
6.763,9.99952
6.764,9.99952
6.765,9.99952
6.766,9.99952
6.767,9.99952
6.768,9.99954
6.769,9.99954
6.77,9.99954
6.771,9.99954
6.772,9.99954
6.773,9.99954
6.774,9.99954
6.775,9.99954
6.776,9.99954
6.777,9.99954
6.778,9.99954
6.779,9.99954
6.78,9.99954
6.781,9.99954
6.782,9.99954
6.783,9.99954
6.784,9.99954
6.785,9.99954
6.786,9.99954
6.787,9.99954
6.788,9.99954
6.789,9.99954
6.79,9.99954
6.791,9.99954
6.792,9.99954
6.793,9.99954
6.794,9.99954
6.795,9.99954
6.796,9.99954
6.797,9.99954
6.798,9.99954
6.799,9.99954
6.8,9.99956
6.801,9.99956
6.802,9.99956
6.803,9.99956
6.804,9.99956
6.805,9.99956
6.806,9.99956
6.807,9.99956
6.808,9.99956
6.809,9.99956
6.81,9.99956
6.811,9.99956
6.812,9.99956
6.813,9.99956
6.814,9.99956
6.815,9.99956
6.816,9.99956
6.817,9.99956
6.818,9.99956
6.819,9.99956
6.82,9.99956
6.821,9.99956
6.822,9.99956
6.823,9.99956
6.824,9.99956
6.825,9.99956
6.826,9.99956
6.827,9.99956
6.828,9.99956
6.829,9.99956
6.83,9.99956
6.831,9.99956
6.832,9.99956
6.833,9.99956
6.834,9.99958
6.835,9.99958
6.836,9.99958
6.837,9.99958
6.838,9.99958
6.839,9.99958
6.84,9.99958
6.841,9.99958
6.842,9.99958
6.843,9.99958
6.844,9.99958
6.845,9.99958
6.846,9.99958
6.847,9.99958
6.848,9.99958
6.849,9.99958
6.85,9.99958
6.851,9.99958
6.852,9.99958
6.853,9.99958
6.854,9.99958
6.855,9.99958
6.856,9.99958
6.857,9.99958
6.858,9.99958
6.859,9.99958
6.86,9.99958
6.861,9.99958
6.862,9.99958
6.863,9.99958
6.864,9.99958
6.865,9.99958
6.866,9.99958
6.867,9.99958
6.868,9.99958
6.869,9.9996
6.87,9.9996
6.871,9.9996
6.872,9.9996
6.873,9.9996
6.874,9.9996
6.875,9.9996
6.876,9.9996
6.877,9.9996
6.878,9.9996
6.879,9.9996
6.88,9.9996
6.881,9.9996
6.882,9.9996
6.883,9.9996
6.884,9.9996
6.885,9.9996
6.886,9.9996
6.887,9.9996
6.888,9.9996
6.889,9.9996
6.89,9.9996
6.891,9.9996
6.892,9.9996
6.893,9.9996
6.894,9.9996
6.895,9.9996
6.896,9.9996
6.897,9.9996
6.898,9.9996
6.899,9.9996
6.9,9.9996
6.901,9.9996
6.902,9.9996
6.903,9.9996
6.904,9.9996
6.905,9.9996
6.906,9.99962
6.907,9.99962
6.908,9.99962
6.909,9.99962
6.91,9.99962
6.911,9.99962
6.912,9.99962
6.913,9.99962
6.914,9.99962
6.915,9.99962
6.916,9.99962
6.917,9.99962
6.918,9.99962
6.919,9.99962
6.92,9.99962
6.921,9.99962
6.922,9.99962
6.923,9.99962
6.924,9.99962
6.925,9.99962
6.926,9.99962
6.927,9.99962
6.928,9.99962
6.929,9.99962
6.93,9.99962
6.931,9.99962
6.932,9.99962
6.933,9.99962
6.934,9.99962
6.935,9.99962
6.936,9.99962
6.937,9.99962
6.938,9.99962
6.939,9.99962
6.94,9.99962
6.941,9.99962
6.942,9.99962
6.943,9.99962
6.944,9.99962
6.945,9.99964
6.946,9.99964
6.947,9.99964
6.948,9.99964
6.949,9.99964
6.95,9.99964
6.951,9.99964
6.952,9.99964
6.953,9.99964
6.954,9.99964
6.955,9.99964
6.956,9.99964
6.957,9.99964
6.958,9.99964
6.959,9.99964
6.96,9.99964
6.961,9.99964
6.962,9.99964
6.963,9.99964
6.964,9.99964
6.965,9.99964
6.966,9.99964
6.967,9.99964
6.968,9.99964
6.969,9.99964
6.97,9.99964
6.971,9.99964
6.972,9.99964
6.973,9.99964
6.974,9.99964
6.975,9.99964
6.976,9.99964
6.977,9.99964
6.978,9.99964
6.979,9.99964
6.98,9.99964
6.981,9.99964
6.982,9.99964
6.983,9.99964
6.984,9.99964
6.985,9.99964
6.986,9.99966
6.987,9.99966
6.988,9.99966
6.989,9.99966
6.99,9.99966
6.991,9.99966
6.992,9.99966
6.993,9.99966
6.994,9.99966
6.995,9.99966
6.996,9.99966
6.997,9.99966
6.998,9.99966
6.999,9.99966
7,9.99966
7.001,9.99966
7.002,9.99966
7.003,9.99966
7.004,9.99966
7.005,9.99966
7.006,9.99966
7.007,9.99966
7.008,9.99966
7.009,9.99966
7.01,9.99966
7.011,9.99966
7.012,9.99966
7.013,9.99966
7.014,9.99966
7.015,9.99966
7.016,9.99966
7.017,9.99966
7.018,9.99966
7.019,9.99966
7.02,9.99966
7.021,9.99966
7.022,9.99966
7.023,9.99966
7.024,9.99966
7.025,9.99966
7.026,9.99966
7.027,9.99966
7.028,9.99966
7.029,9.99966
7.03,9.99968
7.031,9.99968
7.032,9.99968
7.033,9.99968
7.034,9.99968
7.035,9.99968
7.036,9.99968
7.037,9.99968
7.038,9.99968
7.039,9.99968
7.04,9.99968
7.041,9.99968
7.042,9.99968
7.043,9.99968
7.044,9.99968
7.045,9.99968
7.046,9.99968
7.047,9.99968
7.048,9.99968
7.049,9.99968
7.05,9.99968
7.051,9.99968
7.052,9.99968
7.053,9.99968
7.054,9.99968
7.055,9.99968
7.056,9.99968
7.057,9.99968
7.058,9.99968
7.059,9.99968
7.06,9.99968
7.061,9.99968
7.062,9.99968
7.063,9.99968
7.064,9.99968
7.065,9.99968
7.066,9.99968
7.067,9.99968
7.068,9.99968
7.069,9.99968
7.07,9.99968
7.071,9.99968
7.072,9.99968
7.073,9.99968
7.074,9.99968
7.075,9.99968
7.076,9.9997
7.077,9.9997
7.078,9.9997
7.079,9.9997
7.08,9.9997
7.081,9.9997
7.082,9.9997
7.083,9.9997
7.084,9.9997
7.085,9.9997
7.086,9.9997
7.087,9.9997
7.088,9.9997
7.089,9.9997
7.09,9.9997
7.091,9.9997
7.092,9.9997
7.093,9.9997
7.094,9.9997
7.095,9.9997
7.096,9.9997
7.097,9.9997
7.098,9.9997
7.099,9.9997
7.1,9.9997
7.101,9.9997
7.102,9.9997
7.103,9.9997
7.104,9.9997
7.105,9.9997
7.106,9.9997
7.107,9.9997
7.108,9.9997
7.109,9.9997
7.11,9.9997
7.111,9.9997
7.112,9.9997
7.113,9.9997
7.114,9.9997
7.115,9.9997
7.116,9.9997
7.117,9.9997
7.118,9.9997
7.119,9.9997
7.12,9.9997
7.121,9.9997
7.122,9.9997
7.123,9.9997
7.124,9.9997
7.125,9.99972
7.126,9.99972
7.127,9.99972
7.128,9.99972
7.129,9.99972
7.13,9.99972
7.131,9.99972
7.132,9.99972
7.133,9.99972
7.134,9.99972
7.135,9.99972
7.136,9.99972
7.137,9.99972
7.138,9.99972
7.139,9.99972
7.14,9.99972
7.141,9.99972
7.142,9.99972
7.143,9.99972
7.144,9.99972
7.145,9.99972
7.146,9.99972
7.147,9.99972
7.148,9.99972
7.149,9.99972
7.15,9.99972
7.151,9.99972
7.152,9.99972
7.153,9.99972
7.154,9.99972
7.155,9.99972
7.156,9.99972
7.157,9.99972
7.158,9.99972
7.159,9.99972
7.16,9.99972
7.161,9.99972
7.162,9.99972
7.163,9.99972
7.164,9.99972
7.165,9.99972
7.166,9.99972
7.167,9.99972
7.168,9.99972
7.169,9.99972
7.17,9.99972
7.171,9.99972
7.172,9.99972
7.173,9.99972
7.174,9.99972
7.175,9.99972
7.176,9.99972
7.177,9.99972
7.178,9.99974
7.179,9.99974
7.18,9.99974
7.181,9.99974
7.182,9.99974
7.183,9.99974
7.184,9.99974
7.185,9.99974
7.186,9.99974
7.187,9.99974
7.188,9.99974
7.189,9.99974
7.19,9.99974
7.191,9.99974
7.192,9.99974
7.193,9.99974
7.194,9.99974
7.195,9.99974
7.196,9.99974
7.197,9.99974
7.198,9.99974
7.199,9.99974
7.2,9.99974
7.201,9.99974
7.202,9.99974
7.203,9.99974
7.204,9.99974
7.205,9.99974
7.206,9.99974
7.207,9.99974
7.208,9.99974
7.209,9.99974
7.21,9.99974
7.211,9.99974
7.212,9.99974
7.213,9.99974
7.214,9.99974
7.215,9.99974
7.216,9.99974
7.217,9.99974
7.218,9.99974
7.219,9.99974
7.22,9.99974
7.221,9.99974
7.222,9.99974
7.223,9.99974
7.224,9.99974
7.225,9.99974
7.226,9.99974
7.227,9.99974
7.228,9.99974
7.229,9.99974
7.23,9.99974
7.231,9.99974
7.232,9.99974
7.233,9.99974
7.234,9.99974
7.235,9.99976
7.236,9.99976
7.237,9.99976
7.238,9.99976
7.239,9.99976
7.24,9.99976
7.241,9.99976
7.242,9.99976
7.243,9.99976
7.244,9.99976
7.245,9.99976
7.246,9.99976
7.247,9.99976
7.248,9.99976
7.249,9.99976
7.25,9.99976
7.251,9.99976
7.252,9.99976
7.253,9.99976
7.254,9.99976
7.255,9.99976
7.256,9.99976
7.257,9.99976
7.258,9.99976
7.259,9.99976
7.26,9.99976
7.261,9.99976
7.262,9.99976
7.263,9.99976
7.264,9.99976
7.265,9.99976
7.266,9.99976
7.267,9.99976
7.268,9.99976
7.269,9.99976
7.27,9.99976
7.271,9.99976
7.272,9.99976
7.273,9.99976
7.274,9.99976
7.275,9.99976
7.276,9.99976
7.277,9.99976
7.278,9.99976
7.279,9.99976
7.28,9.99976
7.281,9.99976
7.282,9.99976
7.283,9.99976
7.284,9.99976
7.285,9.99976
7.286,9.99976
7.287,9.99976
7.288,9.99976
7.289,9.99976
7.29,9.99976
7.291,9.99976
7.292,9.99976
7.293,9.99976
7.294,9.99976
7.295,9.99976
7.296,9.99976
7.297,9.99978
7.298,9.99978
7.299,9.99978
7.3,9.99978
7.301,9.99978
7.302,9.99978
7.303,9.99978
7.304,9.99978
7.305,9.99978
7.306,9.99978
7.307,9.99978
7.308,9.99978
7.309,9.99978
7.31,9.99978
7.311,9.99978
7.312,9.99978
7.313,9.99978
7.314,9.99978
7.315,9.99978
7.316,9.99978
7.317,9.99978
7.318,9.99978
7.319,9.99978
7.32,9.99978
7.321,9.99978
7.322,9.99978
7.323,9.99978
7.324,9.99978
7.325,9.99978
7.326,9.99978
7.327,9.99978
7.328,9.99978
7.329,9.99978
7.33,9.99978
7.331,9.99978
7.332,9.99978
7.333,9.99978
7.334,9.99978
7.335,9.99978
7.336,9.99978
7.337,9.99978
7.338,9.99978
7.339,9.99978
7.34,9.99978
7.341,9.99978
7.342,9.99978
7.343,9.99978
7.344,9.99978
7.345,9.99978
7.346,9.99978
7.347,9.99978
7.348,9.99978
7.349,9.99978
7.35,9.99978
7.351,9.99978
7.352,9.99978
7.353,9.99978
7.354,9.99978
7.355,9.99978
7.356,9.99978
7.357,9.99978
7.358,9.99978
7.359,9.99978
7.36,9.99978
7.361,9.99978
7.362,9.99978
7.363,9.99978
7.364,9.9998
7.365,9.9998
7.366,9.9998
7.367,9.9998
7.368,9.9998
7.369,9.9998
7.37,9.9998
7.371,9.9998
7.372,9.9998
7.373,9.9998
7.374,9.9998
7.375,9.9998
7.376,9.9998
7.377,9.9998
7.378,9.9998
7.379,9.9998
7.38,9.9998
7.381,9.9998
7.382,9.9998
7.383,9.9998
7.384,9.9998
7.385,9.9998
7.386,9.9998
7.387,9.9998
7.388,9.9998
7.389,9.9998
7.39,9.9998
7.391,9.9998
7.392,9.9998
7.393,9.9998
7.394,9.9998
7.395,9.9998
7.396,9.9998
7.397,9.9998
7.398,9.9998
7.399,9.9998
7.4,9.9998
7.401,9.9998
7.402,9.9998
7.403,9.9998
7.404,9.9998
7.405,9.9998
7.406,9.9998
7.407,9.9998
7.408,9.9998
7.409,9.9998
7.41,9.9998
7.411,9.9998
7.412,9.9998
7.413,9.9998
7.414,9.9998
7.415,9.9998
7.416,9.9998
7.417,9.9998
7.418,9.9998
7.419,9.9998
7.42,9.9998
7.421,9.9998
7.422,9.9998
7.423,9.9998
7.424,9.9998
7.425,9.9998
7.426,9.9998
7.427,9.9998
7.428,9.9998
7.429,9.9998
7.43,9.9998
7.431,9.9998
7.432,9.9998
7.433,9.9998
7.434,9.9998
7.435,9.9998
7.436,9.9998
7.437,9.9998
7.438,9.99982
7.439,9.99982
7.44,9.99982
7.441,9.99982
7.442,9.99982
7.443,9.99982
7.444,9.99982
7.445,9.99982
7.446,9.99982
7.447,9.99982
7.448,9.99982
7.449,9.99982
7.45,9.99982
7.451,9.99982
7.452,9.99982
7.453,9.99982
7.454,9.99982
7.455,9.99982
7.456,9.99982
7.457,9.99982
7.458,9.99982
7.459,9.99982
7.46,9.99982
7.461,9.99982
7.462,9.99982
7.463,9.99982
7.464,9.99982
7.465,9.99982
7.466,9.99982
7.467,9.99982
7.468,9.99982
7.469,9.99982
7.47,9.99982
7.471,9.99982
7.472,9.99982
7.473,9.99982
7.474,9.99982
7.475,9.99982
7.476,9.99982
7.477,9.99982
7.478,9.99982
7.479,9.99982
7.48,9.99982
7.481,9.99982
7.482,9.99982
7.483,9.99982
7.484,9.99982
7.485,9.99982
7.486,9.99982
7.487,9.99982
7.488,9.99982
7.489,9.99982
7.49,9.99982
7.491,9.99982
7.492,9.99982
7.493,9.99982
7.494,9.99982
7.495,9.99982
7.496,9.99982
7.497,9.99982
7.498,9.99982
7.499,9.99982
7.5,9.99982
7.501,9.99982
7.502,9.99982
7.503,9.99982
7.504,9.99982
7.505,9.99982
7.506,9.99982
7.507,9.99982
7.508,9.99982
7.509,9.99982
7.51,9.99982
7.511,9.99982
7.512,9.99982
7.513,9.99982
7.514,9.99982
7.515,9.99982
7.516,9.99982
7.517,9.99982
7.518,9.99982
7.519,9.99982
7.52,9.99982
7.521,9.99984
7.522,9.99984
7.523,9.99984
7.524,9.99984
7.525,9.99984
7.526,9.99984
7.527,9.99984
7.528,9.99984
7.529,9.99984
7.53,9.99984
7.531,9.99984
7.532,9.99984
7.533,9.99984
7.534,9.99984
7.535,9.99984
7.536,9.99984
7.537,9.99984
7.538,9.99984
7.539,9.99984
7.54,9.99984
7.541,9.99984
7.542,9.99984
7.543,9.99984
7.544,9.99984
7.545,9.99984
7.546,9.99984
7.547,9.99984
7.548,9.99984
7.549,9.99984
7.55,9.99984
7.551,9.99984
7.552,9.99984
7.553,9.99984
7.554,9.99984
7.555,9.99984
7.556,9.99984
7.557,9.99984
7.558,9.99984
7.559,9.99984
7.56,9.99984
7.561,9.99984
7.562,9.99984
7.563,9.99984
7.564,9.99984
7.565,9.99984
7.566,9.99984
7.567,9.99984
7.568,9.99984
7.569,9.99984
7.57,9.99984
7.571,9.99984
7.572,9.99984
7.573,9.99984
7.574,9.99984
7.575,9.99984
7.576,9.99984
7.577,9.99984
7.578,9.99984
7.579,9.99984
7.58,9.99984
7.581,9.99984
7.582,9.99984
7.583,9.99984
7.584,9.99984
7.585,9.99984
7.586,9.99984
7.587,9.99984
7.588,9.99984
7.589,9.99984
7.59,9.99984
7.591,9.99984
7.592,9.99984
7.593,9.99984
7.594,9.99984
7.595,9.99984
7.596,9.99984
7.597,9.99984
7.598,9.99984
7.599,9.99984
7.6,9.99984
7.601,9.99984
7.602,9.99984
7.603,9.99984
7.604,9.99984
7.605,9.99984
7.606,9.99984
7.607,9.99984
7.608,9.99984
7.609,9.99984
7.61,9.99984
7.611,9.99984
7.612,9.99984
7.613,9.99986
7.614,9.99986
7.615,9.99986
7.616,9.99986
7.617,9.99986
7.618,9.99986
7.619,9.99986
7.62,9.99986
7.621,9.99986
7.622,9.99986
7.623,9.99986
7.624,9.99986
7.625,9.99986
7.626,9.99986
7.627,9.99986
7.628,9.99986
7.629,9.99986
7.63,9.99986
7.631,9.99986
7.632,9.99986
7.633,9.99986
7.634,9.99986
7.635,9.99986
7.636,9.99986
7.637,9.99986
7.638,9.99986
7.639,9.99986
7.64,9.99986
7.641,9.99986
7.642,9.99986
7.643,9.99986
7.644,9.99986
7.645,9.99986
7.646,9.99986
7.647,9.99986
7.648,9.99986
7.649,9.99986
7.65,9.99986
7.651,9.99986
7.652,9.99986
7.653,9.99986
7.654,9.99986
7.655,9.99986
7.656,9.99986
7.657,9.99986
7.658,9.99986
7.659,9.99986
7.66,9.99986
7.661,9.99986
7.662,9.99986
7.663,9.99986
7.664,9.99986
7.665,9.99986
7.666,9.99986
7.667,9.99986
7.668,9.99986
7.669,9.99986
7.67,9.99986
7.671,9.99986
7.672,9.99986
7.673,9.99986
7.674,9.99986
7.675,9.99986
7.676,9.99986
7.677,9.99986
7.678,9.99986
7.679,9.99986
7.68,9.99986
7.681,9.99986
7.682,9.99986
7.683,9.99986
7.684,9.99986
7.685,9.99986
7.686,9.99986
7.687,9.99986
7.688,9.99986
7.689,9.99986
7.69,9.99986
7.691,9.99986
7.692,9.99986
7.693,9.99986
7.694,9.99986
7.695,9.99986
7.696,9.99986
7.697,9.99986
7.698,9.99986
7.699,9.99986
7.7,9.99986
7.701,9.99986
7.702,9.99986
7.703,9.99986
7.704,9.99986
7.705,9.99986
7.706,9.99986
7.707,9.99986
7.708,9.99986
7.709,9.99986
7.71,9.99986
7.711,9.99986
7.712,9.99986
7.713,9.99986
7.714,9.99986
7.715,9.99986
7.716,9.99986
7.717,9.99986
7.718,9.99986
7.719,9.99988
7.72,9.99988
7.721,9.99988
7.722,9.99988
7.723,9.99988
7.724,9.99988
7.725,9.99988
7.726,9.99988
7.727,9.99988
7.728,9.99988
7.729,9.99988
7.73,9.99988
7.731,9.99988
7.732,9.99988
7.733,9.99988
7.734,9.99988
7.735,9.99988
7.736,9.99988
7.737,9.99988
7.738,9.99988
7.739,9.99988
7.74,9.99988
7.741,9.99988
7.742,9.99988
7.743,9.99988
7.744,9.99988
7.745,9.99988
7.746,9.99988
7.747,9.99988
7.748,9.99988
7.749,9.99988
7.75,9.99988
7.751,9.99988
7.752,9.99988
7.753,9.99988
7.754,9.99988
7.755,9.99988
7.756,9.99988
7.757,9.99988
7.758,9.99988
7.759,9.99988
7.76,9.99988
7.761,9.99988
7.762,9.99988
7.763,9.99988
7.764,9.99988
7.765,9.99988
7.766,9.99988
7.767,9.99988
7.768,9.99988
7.769,9.99988
7.77,9.99988
7.771,9.99988
7.772,9.99988
7.773,9.99988
7.774,9.99988
7.775,9.99988
7.776,9.99988
7.777,9.99988
7.778,9.99988
7.779,9.99988
7.78,9.99988
7.781,9.99988
7.782,9.99988
7.783,9.99988
7.784,9.99988
7.785,9.99988
7.786,9.99988
7.787,9.99988
7.788,9.99988
7.789,9.99988
7.79,9.99988
7.791,9.99988
7.792,9.99988
7.793,9.99988
7.794,9.99988
7.795,9.99988
7.796,9.99988
7.797,9.99988
7.798,9.99988
7.799,9.99988
7.8,9.99988
7.801,9.99988
7.802,9.99988
7.803,9.99988
7.804,9.99988
7.805,9.99988
7.806,9.99988
7.807,9.99988
7.808,9.99988
7.809,9.99988
7.81,9.99988
7.811,9.99988
7.812,9.99988
7.813,9.99988
7.814,9.99988
7.815,9.99988
7.816,9.99988
7.817,9.99988
7.818,9.99988
7.819,9.99988
7.82,9.99988
7.821,9.99988
7.822,9.99988
7.823,9.99988
7.824,9.99988
7.825,9.99988
7.826,9.99988
7.827,9.99988
7.828,9.99988
7.829,9.99988
7.83,9.99988
7.831,9.99988
7.832,9.99988
7.833,9.99988
7.834,9.99988
7.835,9.99988
7.836,9.99988
7.837,9.99988
7.838,9.99988
7.839,9.99988
7.84,9.99988
7.841,9.99988
7.842,9.99988
7.843,9.9999
7.844,9.9999
7.845,9.9999
7.846,9.9999
7.847,9.9999
7.848,9.9999
7.849,9.9999
7.85,9.9999
7.851,9.9999
7.852,9.9999
7.853,9.9999
7.854,9.9999
7.855,9.9999
7.856,9.9999
7.857,9.9999
7.858,9.9999
7.859,9.9999
7.86,9.9999
7.861,9.9999
7.862,9.9999
7.863,9.9999
7.864,9.9999
7.865,9.9999
7.866,9.9999
7.867,9.9999
7.868,9.9999
7.869,9.9999
7.87,9.9999
7.871,9.9999
7.872,9.9999
7.873,9.9999
7.874,9.9999
7.875,9.9999
7.876,9.9999
7.877,9.9999
7.878,9.9999
7.879,9.9999
7.88,9.9999
7.881,9.9999
7.882,9.9999
7.883,9.9999
7.884,9.9999
7.885,9.9999
7.886,9.9999
7.887,9.9999
7.888,9.9999
7.889,9.9999
7.89,9.9999
7.891,9.9999
7.892,9.9999
7.893,9.9999
7.894,9.9999
7.895,9.9999
7.896,9.9999
7.897,9.9999
7.898,9.9999
7.899,9.9999
7.9,9.9999
7.901,9.9999
7.902,9.9999
7.903,9.9999
7.904,9.9999
7.905,9.9999
7.906,9.9999
7.907,9.9999
7.908,9.9999
7.909,9.9999
7.91,9.9999
7.911,9.9999
7.912,9.9999
7.913,9.9999
7.914,9.9999
7.915,9.9999
7.916,9.9999
7.917,9.9999
7.918,9.9999
7.919,9.9999
7.92,9.9999
7.921,9.9999
7.922,9.9999
7.923,9.9999
7.924,9.9999
7.925,9.9999
7.926,9.9999
7.927,9.9999
7.928,9.9999
7.929,9.9999
7.93,9.9999
7.931,9.9999
7.932,9.9999
7.933,9.9999
7.934,9.9999
7.935,9.9999
7.936,9.9999
7.937,9.9999
7.938,9.9999
7.939,9.9999
7.94,9.9999
7.941,9.9999
7.942,9.9999
7.943,9.9999
7.944,9.9999
7.945,9.9999
7.946,9.9999
7.947,9.9999
7.948,9.9999
7.949,9.9999
7.95,9.9999
7.951,9.9999
7.952,9.9999
7.953,9.9999
7.954,9.9999
7.955,9.9999
7.956,9.9999
7.957,9.9999
7.958,9.9999
7.959,9.9999
7.96,9.9999
7.961,9.9999
7.962,9.9999
7.963,9.9999
7.964,9.9999
7.965,9.9999
7.966,9.9999
7.967,9.9999
7.968,9.9999
7.969,9.9999
7.97,9.9999
7.971,9.9999
7.972,9.9999
7.973,9.9999
7.974,9.9999
7.975,9.9999
7.976,9.9999
7.977,9.9999
7.978,9.9999
7.979,9.9999
7.98,9.9999
7.981,9.9999
7.982,9.9999
7.983,9.9999
7.984,9.9999
7.985,9.9999
7.986,9.9999
7.987,9.9999
7.988,9.9999
7.989,9.9999
7.99,9.9999
7.991,9.99992
7.992,9.99992
7.993,9.99992
7.994,9.99992
7.995,9.99992
7.996,9.99992
7.997,9.99992
7.998,9.99992
7.999,9.99992
8,9.99992
8.001,9.99992
8.002,9.99992
8.003,9.99992
8.004,9.99992
8.005,9.99992
8.006,9.99992
8.007,9.99992
8.008,9.99992
8.009,9.99992
8.01,9.99992
8.011,9.99992
8.012,9.99992
8.013,9.99992
8.014,9.99992
8.015,9.99992
8.016,9.99992
8.017,9.99992
8.018,9.99992
8.019,9.99992
8.02,9.99992
8.021,9.99992
8.022,9.99992
8.023,9.99992
8.024,9.99992
8.025,9.99992
8.026,9.99992
8.027,9.99992
8.028,9.99992
8.029,9.99992
8.03,9.99992
8.031,9.99992
8.032,9.99992
8.033,9.99992
8.034,9.99992
8.035,9.99992
8.036,9.99992
8.037,9.99992
8.038,9.99992
8.039,9.99992
8.04,9.99992
8.041,9.99992
8.042,9.99992
8.043,9.99992
8.044,9.99992
8.045,9.99992
8.046,9.99992
8.047,9.99992
8.048,9.99992
8.049,9.99992
8.05,9.99992
8.051,9.99992
8.052,9.99992
8.053,9.99992
8.054,9.99992
8.055,9.99992
8.056,9.99992
8.057,9.99992
8.058,9.99992
8.059,9.99992
8.06,9.99992
8.061,9.99992
8.062,9.99992
8.063,9.99992
8.064,9.99992
8.065,9.99992
8.066,9.99992
8.067,9.99992
8.068,9.99992
8.069,9.99992
8.07,9.99992
8.071,9.99992
8.072,9.99992
8.073,9.99992
8.074,9.99992
8.075,9.99992
8.076,9.99992
8.077,9.99992
8.078,9.99992
8.079,9.99992
8.08,9.99992
8.081,9.99992
8.082,9.99992
8.083,9.99992
8.084,9.99992
8.085,9.99992
8.086,9.99992
8.087,9.99992
8.088,9.99992
8.089,9.99992
8.09,9.99992
8.091,9.99992
8.092,9.99992
8.093,9.99992
8.094,9.99992
8.095,9.99992
8.096,9.99992
8.097,9.99992
8.098,9.99992
8.099,9.99992
8.1,9.99992
8.101,9.99992
8.102,9.99992
8.103,9.99992
8.104,9.99992
8.105,9.99992
8.106,9.99992
8.107,9.99992
8.108,9.99992
8.109,9.99992
8.11,9.99992
8.111,9.99992
8.112,9.99992
8.113,9.99992
8.114,9.99992
8.115,9.99992
8.116,9.99992
8.117,9.99992
8.118,9.99992
8.119,9.99992
8.12,9.99992
8.121,9.99992
8.122,9.99992
8.123,9.99992
8.124,9.99992
8.125,9.99992
8.126,9.99992
8.127,9.99992
8.128,9.99992
8.129,9.99992
8.13,9.99992
8.131,9.99992
8.132,9.99992
8.133,9.99992
8.134,9.99992
8.135,9.99992
8.136,9.99992
8.137,9.99992
8.138,9.99992
8.139,9.99992
8.14,9.99992
8.141,9.99992
8.142,9.99992
8.143,9.99992
8.144,9.99992
8.145,9.99992
8.146,9.99992
8.147,9.99992
8.148,9.99992
8.149,9.99992
8.15,9.99992
8.151,9.99992
8.152,9.99992
8.153,9.99992
8.154,9.99992
8.155,9.99992
8.156,9.99992
8.157,9.99992
8.158,9.99992
8.159,9.99992
8.16,9.99992
8.161,9.99992
8.162,9.99992
8.163,9.99992
8.164,9.99992
8.165,9.99992
8.166,9.99992
8.167,9.99992
8.168,9.99992
8.169,9.99992
8.17,9.99992
8.171,9.99992
8.172,9.99992
8.173,9.99992
8.174,9.99992
8.175,9.99992
8.176,9.99992
8.177,9.99994
8.178,9.99994
8.179,9.99994
8.18,9.99994
8.181,9.99994
8.182,9.99994
8.183,9.99994
8.184,9.99994
8.185,9.99994
8.186,9.99994
8.187,9.99994
8.188,9.99994
8.189,9.99994
8.19,9.99994
8.191,9.99994
8.192,9.99994
8.193,9.99994
8.194,9.99994
8.195,9.99994
8.196,9.99994
8.197,9.99994
8.198,9.99994
8.199,9.99994
8.2,9.99994
8.201,9.99994
8.202,9.99994
8.203,9.99994
8.204,9.99994
8.205,9.99994
8.206,9.99994
8.207,9.99994
8.208,9.99994
8.209,9.99994
8.21,9.99994
8.211,9.99994
8.212,9.99994
8.213,9.99994
8.214,9.99994
8.215,9.99994
8.216,9.99994
8.217,9.99994
8.218,9.99994
8.219,9.99994
8.22,9.99994
8.221,9.99994
8.222,9.99994
8.223,9.99994
8.224,9.99994
8.225,9.99994
8.226,9.99994
8.227,9.99994
8.228,9.99994
8.229,9.99994
8.23,9.99994
8.231,9.99994
8.232,9.99994
8.233,9.99994
8.234,9.99994
8.235,9.99994
8.236,9.99994
8.237,9.99994
8.238,9.99994
8.239,9.99994
8.24,9.99994
8.241,9.99994
8.242,9.99994
8.243,9.99994
8.244,9.99994
8.245,9.99994
8.246,9.99994
8.247,9.99994
8.248,9.99994
8.249,9.99994
8.25,9.99994
8.251,9.99994
8.252,9.99994
8.253,9.99994
8.254,9.99994
8.255,9.99994
8.256,9.99994
8.257,9.99994
8.258,9.99994
8.259,9.99994
8.26,9.99994
8.261,9.99994
8.262,9.99994
8.263,9.99994
8.264,9.99994
8.265,9.99994
8.266,9.99994
8.267,9.99994
8.268,9.99994
8.269,9.99994
8.27,9.99994
8.271,9.99994
8.272,9.99994
8.273,9.99994
8.274,9.99994
8.275,9.99994
8.276,9.99994
8.277,9.99994
8.278,9.99994
8.279,9.99994
8.28,9.99994
8.281,9.99994
8.282,9.99994
8.283,9.99994
8.284,9.99994
8.285,9.99994
8.286,9.99994
8.287,9.99994
8.288,9.99994
8.289,9.99994
8.29,9.99994
8.291,9.99994
8.292,9.99994
8.293,9.99994
8.294,9.99994
8.295,9.99994
8.296,9.99994
8.297,9.99994
8.298,9.99994
8.299,9.99994
8.3,9.99994
8.301,9.99994
8.302,9.99994
8.303,9.99994
8.304,9.99994
8.305,9.99994
8.306,9.99994
8.307,9.99994
8.308,9.99994
8.309,9.99994
8.31,9.99994
8.311,9.99994
8.312,9.99994
8.313,9.99994
8.314,9.99994
8.315,9.99994
8.316,9.99994
8.317,9.99994
8.318,9.99994
8.319,9.99994
8.32,9.99994
8.321,9.99994
8.322,9.99994
8.323,9.99994
8.324,9.99994
8.325,9.99994
8.326,9.99994
8.327,9.99994
8.328,9.99994
8.329,9.99994
8.33,9.99994
8.331,9.99994
8.332,9.99994
8.333,9.99994
8.334,9.99994
8.335,9.99994
8.336,9.99994
8.337,9.99994
8.338,9.99994
8.339,9.99994
8.34,9.99994
8.341,9.99994
8.342,9.99994
8.343,9.99994
8.344,9.99994
8.345,9.99994
8.346,9.99994
8.347,9.99994
8.348,9.99994
8.349,9.99994
8.35,9.99994
8.351,9.99994
8.352,9.99994
8.353,9.99994
8.354,9.99994
8.355,9.99994
8.356,9.99994
8.357,9.99994
8.358,9.99994
8.359,9.99994
8.36,9.99994
8.361,9.99994
8.362,9.99994
8.363,9.99994
8.364,9.99994
8.365,9.99994
8.366,9.99994
8.367,9.99994
8.368,9.99994
8.369,9.99994
8.37,9.99994
8.371,9.99994
8.372,9.99994
8.373,9.99994
8.374,9.99994
8.375,9.99994
8.376,9.99994
8.377,9.99994
8.378,9.99994
8.379,9.99994
8.38,9.99994
8.381,9.99994
8.382,9.99994
8.383,9.99994
8.384,9.99994
8.385,9.99994
8.386,9.99994
8.387,9.99994
8.388,9.99994
8.389,9.99994
8.39,9.99994
8.391,9.99994
8.392,9.99994
8.393,9.99994
8.394,9.99994
8.395,9.99994
8.396,9.99994
8.397,9.99994
8.398,9.99994
8.399,9.99994
8.4,9.99994
8.401,9.99994
8.402,9.99994
8.403,9.99994
8.404,9.99994
8.405,9.99994
8.406,9.99994
8.407,9.99994
8.408,9.99994
8.409,9.99994
8.41,9.99994
8.411,9.99994
8.412,9.99994
8.413,9.99994
8.414,9.99994
8.415,9.99994
8.416,9.99994
8.417,9.99994
8.418,9.99994
8.419,9.99994
8.42,9.99994
8.421,9.99994
8.422,9.99994
8.423,9.99994
8.424,9.99994
8.425,9.99994
8.426,9.99996
8.427,9.99996
8.428,9.99996
8.429,9.99996
8.43,9.99996
8.431,9.99996
8.432,9.99996
8.433,9.99996
8.434,9.99996
8.435,9.99996
8.436,9.99996
8.437,9.99996
8.438,9.99996
8.439,9.99996
8.44,9.99996
8.441,9.99996
8.442,9.99996
8.443,9.99996
8.444,9.99996
8.445,9.99996
8.446,9.99996
8.447,9.99996
8.448,9.99996
8.449,9.99996
8.45,9.99996
8.451,9.99996
8.452,9.99996
8.453,9.99996
8.454,9.99996
8.455,9.99996
8.456,9.99996
8.457,9.99996
8.458,9.99996
8.459,9.99996
8.46,9.99996
8.461,9.99996
8.462,9.99996
8.463,9.99996
8.464,9.99996
8.465,9.99996
8.466,9.99996
8.467,9.99996
8.468,9.99996
8.469,9.99996
8.47,9.99996
8.471,9.99996
8.472,9.99996
8.473,9.99996
8.474,9.99996
8.475,9.99996
8.476,9.99996
8.477,9.99996
8.478,9.99996
8.479,9.99996
8.48,9.99996
8.481,9.99996
8.482,9.99996
8.483,9.99996
8.484,9.99996
8.485,9.99996
8.486,9.99996
8.487,9.99996
8.488,9.99996
8.489,9.99996
8.49,9.99996
8.491,9.99996
8.492,9.99996
8.493,9.99996
8.494,9.99996
8.495,9.99996
8.496,9.99996
8.497,9.99996
8.498,9.99996
8.499,9.99996
8.5,9.99996
8.501,9.99996
8.502,9.99996
8.503,9.99996
8.504,9.99996
8.505,9.99996
8.506,9.99996
8.507,9.99996
8.508,9.99996
8.509,9.99996
8.51,9.99996
8.511,9.99996
8.512,9.99996
8.513,9.99996
8.514,9.99996
8.515,9.99996
8.516,9.99996
8.517,9.99996
8.518,9.99996
8.519,9.99996
8.52,9.99996
8.521,9.99996
8.522,9.99996
8.523,9.99996
8.524,9.99996
8.525,9.99996
8.526,9.99996
8.527,9.99996
8.528,9.99996
8.529,9.99996
8.53,9.99996
8.531,9.99996
8.532,9.99996
8.533,9.99996
8.534,9.99996
8.535,9.99996
8.536,9.99996
8.537,9.99996
8.538,9.99996
8.539,9.99996
8.54,9.99996
8.541,9.99996
8.542,9.99996
8.543,9.99996
8.544,9.99996
8.545,9.99996
8.546,9.99996
8.547,9.99996
8.548,9.99996
8.549,9.99996
8.55,9.99996
8.551,9.99996
8.552,9.99996
8.553,9.99996
8.554,9.99996
8.555,9.99996
8.556,9.99996
8.557,9.99996
8.558,9.99996
8.559,9.99996
8.56,9.99996
8.561,9.99996
8.562,9.99996
8.563,9.99996
8.564,9.99996
8.565,9.99996
8.566,9.99996
8.567,9.99996
8.568,9.99996
8.569,9.99996
8.57,9.99996
8.571,9.99996
8.572,9.99996
8.573,9.99996
8.574,9.99996
8.575,9.99996
8.576,9.99996
8.577,9.99996
8.578,9.99996
8.579,9.99996
8.58,9.99996
8.581,9.99996
8.582,9.99996
8.583,9.99996
8.584,9.99996
8.585,9.99996
8.586,9.99996
8.587,9.99996
8.588,9.99996
8.589,9.99996
8.59,9.99996
8.591,9.99996
8.592,9.99996
8.593,9.99996
8.594,9.99996
8.595,9.99996
8.596,9.99996
8.597,9.99996
8.598,9.99996
8.599,9.99996
8.6,9.99996
8.601,9.99996
8.602,9.99996
8.603,9.99996
8.604,9.99996
8.605,9.99996
8.606,9.99996
8.607,9.99996
8.608,9.99996
8.609,9.99996
8.61,9.99996
8.611,9.99996
8.612,9.99996
8.613,9.99996
8.614,9.99996
8.615,9.99996
8.616,9.99996
8.617,9.99996
8.618,9.99996
8.619,9.99996
8.62,9.99996
8.621,9.99996
8.622,9.99996
8.623,9.99996
8.624,9.99996
8.625,9.99996
8.626,9.99996
8.627,9.99996
8.628,9.99996
8.629,9.99996
8.63,9.99996
8.631,9.99996
8.632,9.99996
8.633,9.99996
8.634,9.99996
8.635,9.99996
8.636,9.99996
8.637,9.99996
8.638,9.99996
8.639,9.99996
8.64,9.99996
8.641,9.99996
8.642,9.99996
8.643,9.99996
8.644,9.99996
8.645,9.99996
8.646,9.99996
8.647,9.99996
8.648,9.99996
8.649,9.99996
8.65,9.99996
8.651,9.99996
8.652,9.99996
8.653,9.99996
8.654,9.99996
8.655,9.99996
8.656,9.99996
8.657,9.99996
8.658,9.99996
8.659,9.99996
8.66,9.99996
8.661,9.99996
8.662,9.99996
8.663,9.99996
8.664,9.99996
8.665,9.99996
8.666,9.99996
8.667,9.99996
8.668,9.99996
8.669,9.99996
8.67,9.99996
8.671,9.99996
8.672,9.99996
8.673,9.99996
8.674,9.99996
8.675,9.99996
8.676,9.99996
8.677,9.99996
8.678,9.99996
8.679,9.99996
8.68,9.99996
8.681,9.99996
8.682,9.99996
8.683,9.99996
8.684,9.99996
8.685,9.99996
8.686,9.99996
8.687,9.99996
8.688,9.99996
8.689,9.99996
8.69,9.99996
8.691,9.99996
8.692,9.99996
8.693,9.99996
8.694,9.99996
8.695,9.99996
8.696,9.99996
8.697,9.99996
8.698,9.99996
8.699,9.99996
8.7,9.99996
8.701,9.99996
8.702,9.99996
8.703,9.99996
8.704,9.99996
8.705,9.99996
8.706,9.99996
8.707,9.99996
8.708,9.99996
8.709,9.99996
8.71,9.99996
8.711,9.99996
8.712,9.99996
8.713,9.99996
8.714,9.99996
8.715,9.99996
8.716,9.99996
8.717,9.99996
8.718,9.99996
8.719,9.99996
8.72,9.99996
8.721,9.99996
8.722,9.99996
8.723,9.99996
8.724,9.99996
8.725,9.99996
8.726,9.99996
8.727,9.99996
8.728,9.99996
8.729,9.99996
8.73,9.99996
8.731,9.99996
8.732,9.99996
8.733,9.99996
8.734,9.99996
8.735,9.99996
8.736,9.99996
8.737,9.99996
8.738,9.99996
8.739,9.99996
8.74,9.99996
8.741,9.99996
8.742,9.99996
8.743,9.99996
8.744,9.99996
8.745,9.99996
8.746,9.99996
8.747,9.99996
8.748,9.99996
8.749,9.99996
8.75,9.99996
8.751,9.99996
8.752,9.99996
8.753,9.99996
8.754,9.99996
8.755,9.99996
8.756,9.99996
8.757,9.99996
8.758,9.99996
8.759,9.99996
8.76,9.99996
8.761,9.99996
8.762,9.99996
8.763,9.99996
8.764,9.99996
8.765,9.99996
8.766,9.99996
8.767,9.99996
8.768,9.99996
8.769,9.99996
8.77,9.99996
8.771,9.99996
8.772,9.99996
8.773,9.99996
8.774,9.99996
8.775,9.99996
8.776,9.99996
8.777,9.99996
8.778,9.99996
8.779,9.99996
8.78,9.99996
8.781,9.99996
8.782,9.99996
8.783,9.99996
8.784,9.99996
8.785,9.99996
8.786,9.99996
8.787,9.99996
8.788,9.99996
8.789,9.99996
8.79,9.99996
8.791,9.99996
8.792,9.99996
8.793,9.99996
8.794,9.99996
8.795,9.99996
8.796,9.99996
8.797,9.99996
8.798,9.99996
8.799,9.99996
8.8,9.99996
8.801,9.99996
8.802,9.99996
8.803,9.99996
8.804,9.99998
8.805,9.99998
8.806,9.99998
8.807,9.99998
8.808,9.99998
8.809,9.99998
8.81,9.99998
8.811,9.99998
8.812,9.99998
8.813,9.99998
8.814,9.99998
8.815,9.99998
8.816,9.99998
8.817,9.99998
8.818,9.99998
8.819,9.99998
8.82,9.99998
8.821,9.99998
8.822,9.99998
8.823,9.99998
8.824,9.99998
8.825,9.99998
8.826,9.99998
8.827,9.99998
8.828,9.99998
8.829,9.99998
8.83,9.99998
8.831,9.99998
8.832,9.99998
8.833,9.99998
8.834,9.99998
8.835,9.99998
8.836,9.99998
8.837,9.99998
8.838,9.99998
8.839,9.99998
8.84,9.99998
8.841,9.99998
8.842,9.99998
8.843,9.99998
8.844,9.99998
8.845,9.99998
8.846,9.99998
8.847,9.99998
8.848,9.99998
8.849,9.99998
8.85,9.99998
8.851,9.99998
8.852,9.99998
8.853,9.99998
8.854,9.99998
8.855,9.99998
8.856,9.99998
8.857,9.99998
8.858,9.99998
8.859,9.99998
8.86,9.99998
8.861,9.99998
8.862,9.99998
8.863,9.99998
8.864,9.99998
8.865,9.99998
8.866,9.99998
8.867,9.99998
8.868,9.99998
8.869,9.99998
8.87,9.99998
8.871,9.99998
8.872,9.99998
8.873,9.99998
8.874,9.99998
8.875,9.99998
8.876,9.99998
8.877,9.99998
8.878,9.99998
8.879,9.99998
8.88,9.99998
8.881,9.99998
8.882,9.99998
8.883,9.99998
8.884,9.99998
8.885,9.99998
8.886,9.99998
8.887,9.99998
8.888,9.99998
8.889,9.99998
8.89,9.99998
8.891,9.99998
8.892,9.99998
8.893,9.99998
8.894,9.99998
8.895,9.99998
8.896,9.99998
8.897,9.99998
8.898,9.99998
8.899,9.99998
8.9,9.99998
8.901,9.99998
8.902,9.99998
8.903,9.99998
8.904,9.99998
8.905,9.99998
8.906,9.99998
8.907,9.99998
8.908,9.99998
8.909,9.99998
8.91,9.99998
8.911,9.99998
8.912,9.99998
8.913,9.99998
8.914,9.99998
8.915,9.99998
8.916,9.99998
8.917,9.99998
8.918,9.99998
8.919,9.99998
8.92,9.99998
8.921,9.99998
8.922,9.99998
8.923,9.99998
8.924,9.99998
8.925,9.99998
8.926,9.99998
8.927,9.99998
8.928,9.99998
8.929,9.99998
8.93,9.99998
8.931,9.99998
8.932,9.99998
8.933,9.99998
8.934,9.99998
8.935,9.99998
8.936,9.99998
8.937,9.99998
8.938,9.99998
8.939,9.99998
8.94,9.99998
8.941,9.99998
8.942,9.99998
8.943,9.99998
8.944,9.99998
8.945,9.99998
8.946,9.99998
8.947,9.99998
8.948,9.99998
8.949,9.99998
8.95,9.99998
8.951,9.99998
8.952,9.99998
8.953,9.99998
8.954,9.99998
8.955,9.99998
8.956,9.99998
8.957,9.99998
8.958,9.99998
8.959,9.99998
8.96,9.99998
8.961,9.99998
8.962,9.99998
8.963,9.99998
8.964,9.99998
8.965,9.99998
8.966,9.99998
8.967,9.99998
8.968,9.99998
8.969,9.99998
8.97,9.99998
8.971,9.99998
8.972,9.99998
8.973,9.99998
8.974,9.99998
8.975,9.99998
8.976,9.99998
8.977,9.99998
8.978,9.99998
8.979,9.99998
8.98,9.99998
8.981,9.99998
8.982,9.99998
8.983,9.99998
8.984,9.99998
8.985,9.99998
8.986,9.99998
8.987,9.99998
8.988,9.99998
8.989,9.99998
8.99,9.99998
8.991,9.99998
8.992,9.99998
8.993,9.99998
8.994,9.99998
8.995,9.99998
8.996,9.99998
8.997,9.99998
8.998,9.99998
8.999,9.99998
9,9.99998
9.001,9.99998
9.002,9.99998
9.003,9.99998
9.004,9.99998
9.005,9.99998
9.006,9.99998
9.007,9.99998
9.008,9.99998
9.009,9.99998
9.01,9.99998
9.011,9.99998
9.012,9.99998
9.013,9.99998
9.014,9.99998
9.015,9.99998
9.016,9.99998
9.017,9.99998
9.018,9.99998
9.019,9.99998
9.02,9.99998
9.021,9.99998
9.022,9.99998
9.023,9.99998
9.024,9.99998
9.025,9.99998
9.026,9.99998
9.027,9.99998
9.028,9.99998
9.029,9.99998
9.03,9.99998
9.031,9.99998
9.032,9.99998
9.033,9.99998
9.034,9.99998
9.035,9.99998
9.036,9.99998
9.037,9.99998
9.038,9.99998
9.039,9.99998
9.04,9.99998
9.041,9.99998
9.042,9.99998
9.043,9.99998
9.044,9.99998
9.045,9.99998
9.046,9.99998
9.047,9.99998
9.048,9.99998
9.049,9.99998
9.05,9.99998
9.051,9.99998
9.052,9.99998
9.053,9.99998
9.054,9.99998
9.055,9.99998
9.056,9.99998
9.057,9.99998
9.058,9.99998
9.059,9.99998
9.06,9.99998
9.061,9.99998
9.062,9.99998
9.063,9.99998
9.064,9.99998
9.065,9.99998
9.066,9.99998
9.067,9.99998
9.068,9.99998
9.069,9.99998
9.07,9.99998
9.071,9.99998
9.072,9.99998
9.073,9.99998
9.074,9.99998
9.075,9.99998
9.076,9.99998
9.077,9.99998
9.078,9.99998
9.079,9.99998
9.08,9.99998
9.081,9.99998
9.082,9.99998
9.083,9.99998
9.084,9.99998
9.085,9.99998
9.086,9.99998
9.087,9.99998
9.088,9.99998
9.089,9.99998
9.09,9.99998
9.091,9.99998
9.092,9.99998
9.093,9.99998
9.094,9.99998
9.095,9.99998
9.096,9.99998
9.097,9.99998
9.098,9.99998
9.099,9.99998
9.1,9.99998
9.101,9.99998
9.102,9.99998
9.103,9.99998
9.104,9.99998
9.105,9.99998
9.106,9.99998
9.107,9.99998
9.108,9.99998
9.109,9.99998
9.11,9.99998
9.111,9.99998
9.112,9.99998
9.113,9.99998
9.114,9.99998
9.115,9.99998
9.116,9.99998
9.117,9.99998
9.118,9.99998
9.119,9.99998
9.12,9.99998
9.121,9.99998
9.122,9.99998
9.123,9.99998
9.124,9.99998
9.125,9.99998
9.126,9.99998
9.127,9.99998
9.128,9.99998
9.129,9.99998
9.13,9.99998
9.131,9.99998
9.132,9.99998
9.133,9.99998
9.134,9.99998
9.135,9.99998
9.136,9.99998
9.137,9.99998
9.138,9.99998
9.139,9.99998
9.14,9.99998
9.141,9.99998
9.142,9.99998
9.143,9.99998
9.144,9.99998
9.145,9.99998
9.146,9.99998
9.147,9.99998
9.148,9.99998
9.149,9.99998
9.15,9.99998
9.151,9.99998
9.152,9.99998
9.153,9.99998
9.154,9.99998
9.155,9.99998
9.156,9.99998
9.157,9.99998
9.158,9.99998
9.159,9.99998
9.16,9.99998
9.161,9.99998
9.162,9.99998
9.163,9.99998
9.164,9.99998
9.165,9.99998
9.166,9.99998
9.167,9.99998
9.168,9.99998
9.169,9.99998
9.17,9.99998
9.171,9.99998
9.172,9.99998
9.173,9.99998
9.174,9.99998
9.175,9.99998
9.176,9.99998
9.177,9.99998
9.178,9.99998
9.179,9.99998
9.18,9.99998
9.181,9.99998
9.182,9.99998
9.183,9.99998
9.184,9.99998
9.185,9.99998
9.186,9.99998
9.187,9.99998
9.188,9.99998
9.189,9.99998
9.19,9.99998
9.191,9.99998
9.192,9.99998
9.193,9.99998
9.194,9.99998
9.195,9.99998
9.196,9.99998
9.197,9.99998
9.198,9.99998
9.199,9.99998
9.2,9.99998
9.201,9.99998
9.202,9.99998
9.203,9.99998
9.204,9.99998
9.205,9.99998
9.206,9.99998
9.207,9.99998
9.208,9.99998
9.209,9.99998
9.21,9.99998
9.211,9.99998
9.212,9.99998
9.213,9.99998
9.214,9.99998
9.215,9.99998
9.216,9.99998
9.217,9.99998
9.218,9.99998
9.219,9.99998
9.22,9.99998
9.221,9.99998
9.222,9.99998
9.223,9.99998
9.224,9.99998
9.225,9.99998
9.226,9.99998
9.227,9.99998
9.228,9.99998
9.229,9.99998
9.23,9.99998
9.231,9.99998
9.232,9.99998
9.233,9.99998
9.234,9.99998
9.235,9.99998
9.236,9.99998
9.237,9.99998
9.238,9.99998
9.239,9.99998
9.24,9.99998
9.241,9.99998
9.242,9.99998
9.243,9.99998
9.244,9.99998
9.245,9.99998
9.246,9.99998
9.247,9.99998
9.248,9.99998
9.249,9.99998
9.25,9.99998
9.251,9.99998
9.252,9.99998
9.253,9.99998
9.254,9.99998
9.255,9.99998
9.256,9.99998
9.257,9.99998
9.258,9.99998
9.259,9.99998
9.26,9.99998
9.261,9.99998
9.262,9.99998
9.263,9.99998
9.264,9.99998
9.265,9.99998
9.266,9.99998
9.267,9.99998
9.268,9.99998
9.269,9.99998
9.27,9.99998
9.271,9.99998
9.272,9.99998
9.273,9.99998
9.274,9.99998
9.275,9.99998
9.276,9.99998
9.277,9.99998
9.278,9.99998
9.279,9.99998
9.28,9.99998
9.281,9.99998
9.282,9.99998
9.283,9.99998
9.284,9.99998
9.285,9.99998
9.286,9.99998
9.287,9.99998
9.288,9.99998
9.289,9.99998
9.29,9.99998
9.291,9.99998
9.292,9.99998
9.293,9.99998
9.294,9.99998
9.295,9.99998
9.296,9.99998
9.297,9.99998
9.298,9.99998
9.299,9.99998
9.3,9.99998
9.301,9.99998
9.302,9.99998
9.303,9.99998
9.304,9.99998
9.305,9.99998
9.306,9.99998
9.307,9.99998
9.308,9.99998
9.309,9.99998
9.31,9.99998
9.311,9.99998
9.312,9.99998
9.313,9.99998
9.314,9.99998
9.315,9.99998
9.316,9.99998
9.317,9.99998
9.318,9.99998
9.319,9.99998
9.32,9.99998
9.321,9.99998
9.322,9.99998
9.323,9.99998
9.324,9.99998
9.325,9.99998
9.326,9.99998
9.327,9.99998
9.328,9.99998
9.329,9.99998
9.33,9.99998
9.331,9.99998
9.332,9.99998
9.333,9.99998
9.334,9.99998
9.335,9.99998
9.336,9.99998
9.337,9.99998
9.338,9.99998
9.339,9.99998
9.34,9.99998
9.341,9.99998
9.342,9.99998
9.343,9.99998
9.344,9.99998
9.345,9.99998
9.346,9.99998
9.347,9.99998
9.348,9.99998
9.349,9.99998
9.35,9.99998
9.351,9.99998
9.352,9.99998
9.353,9.99998
9.354,9.99998
9.355,9.99998
9.356,9.99998
9.357,9.99998
9.358,9.99998
9.359,9.99998
9.36,9.99998
9.361,9.99998
9.362,9.99998
9.363,9.99998
9.364,9.99998
9.365,9.99998
9.366,9.99998
9.367,9.99998
9.368,9.99998
9.369,9.99998
9.37,9.99998
9.371,9.99998
9.372,9.99998
9.373,9.99998
9.374,9.99998
9.375,9.99998
9.376,9.99998
9.377,9.99998
9.378,9.99998
9.379,9.99998
9.38,9.99998
9.381,9.99998
9.382,9.99998
9.383,9.99998
9.384,9.99998
9.385,9.99998
9.386,9.99998
9.387,9.99998
9.388,9.99998
9.389,9.99998
9.39,9.99998
9.391,9.99998
9.392,9.99998
9.393,9.99998
9.394,9.99998
9.395,9.99998
9.396,9.99998
9.397,9.99998
9.398,9.99998
9.399,9.99998
9.4,9.99998
9.401,9.99998
9.402,9.99998
9.403,9.99998
9.404,9.99998
9.405,9.99998
9.406,9.99998
9.407,9.99998
9.408,9.99998
9.409,9.99998
9.41,9.99998
9.411,9.99998
9.412,9.99998
9.413,9.99998
9.414,9.99998
9.415,9.99998
9.416,9.99998
9.417,9.99998
9.418,9.99998
9.419,9.99998
9.42,9.99998
9.421,9.99998
9.422,9.99998
9.423,9.99998
9.424,9.99998
9.425,9.99998
9.426,9.99998
9.427,9.99998
9.428,9.99998
9.429,9.99998
9.43,9.99998
9.431,9.99998
9.432,9.99998
9.433,9.99998
9.434,9.99998
9.435,9.99998
9.436,9.99998
9.437,9.99998
9.438,9.99998
9.439,9.99998
9.44,9.99998
9.441,9.99998
9.442,9.99998
9.443,9.99998
9.444,9.99998
9.445,9.99998
9.446,9.99998
9.447,9.99998
9.448,9.99998
9.449,9.99998
9.45,9.99998
9.451,9.99998
9.452,9.99998
9.453,9.99998
9.454,9.99998
9.455,9.99998
9.456,9.99998
9.457,9.99998
9.458,9.99998
9.459,9.99998
9.46,9.99998
9.461,9.99998
9.462,9.99998
9.463,9.99998
9.464,9.99998
9.465,9.99998
9.466,9.99998
9.467,9.99998
9.468,9.99998
9.469,9.99998
9.47,9.99998
9.471,9.99998
9.472,9.99998
9.473,9.99998
9.474,9.99998
9.475,9.99998
9.476,9.99998
9.477,9.99998
9.478,9.99998
9.479,9.99998
9.48,9.99998
9.481,9.99998
9.482,9.99998
9.483,9.99998
9.484,9.99998
9.485,9.99998
9.486,9.99998
9.487,9.99998
9.488,9.99998
9.489,9.99998
9.49,9.99998
9.491,9.99998
9.492,9.99998
9.493,9.99998
9.494,9.99998
9.495,9.99998
9.496,9.99998
9.497,9.99998
9.498,9.99998
9.499,9.99998
9.5,9.99998
9.501,9.99998
9.502,9.99998
9.503,9.99998
9.504,9.99998
9.505,9.99998
9.506,9.99998
9.507,9.99998
9.508,9.99998
9.509,9.99998
9.51,9.99998
9.511,9.99998
9.512,9.99998
9.513,9.99998
9.514,9.99998
9.515,9.99998
9.516,9.99998
9.517,9.99998
9.518,9.99998
9.519,9.99998
9.52,9.99998
9.521,9.99998
9.522,9.99998
9.523,9.99998
9.524,9.99998
9.525,9.99998
9.526,9.99998
9.527,9.99998
9.528,9.99998
9.529,9.99998
9.53,9.99998
9.531,9.99998
9.532,9.99998
9.533,9.99998
9.534,9.99998
9.535,9.99998
9.536,9.99998
9.537,9.99998
9.538,9.99998
9.539,9.99998
9.54,9.99998
9.541,9.99998
9.542,9.99998
9.543,9.99998
9.544,9.99998
9.545,9.99998
9.546,9.99998
9.547,9.99998
9.548,9.99998
9.549,9.99998
9.55,9.99998
9.551,9.99998
9.552,9.99998
9.553,9.99998
9.554,9.99998
9.555,9.99998
9.556,9.99998
9.557,9.99998
9.558,9.99998
9.559,9.99998
9.56,9.99998
9.561,9.99998
9.562,9.99998
9.563,9.99998
9.564,9.99998
9.565,9.99998
9.566,9.99998
9.567,9.99998
9.568,9.99998
9.569,9.99998
9.57,9.99998
9.571,9.99998
9.572,9.99998
9.573,9.99998
9.574,9.99998
9.575,9.99998
9.576,9.99998
9.577,9.99998
9.578,9.99998
9.579,9.99998
9.58,9.99998
9.581,9.99998
9.582,9.99998
9.583,9.99998
9.584,9.99998
9.585,9.99998
9.586,9.99998
9.587,9.99998
9.588,9.99998
9.589,9.99998
9.59,9.99998
9.591,9.99998
9.592,9.99998
9.593,9.99998
9.594,9.99998
9.595,9.99998
9.596,9.99998
9.597,9.99998
9.598,9.99998
9.599,9.99998
9.6,9.99998
9.601,9.99998
9.602,9.99998
9.603,9.99998
9.604,9.99998
9.605,9.99998
9.606,9.99998
9.607,9.99998
9.608,9.99998
9.609,9.99998
9.61,9.99998
9.611,9.99998
9.612,9.99998
9.613,9.99998
9.614,9.99998
9.615,9.99998
9.616,9.99998
9.617,9.99998
9.618,10
9.619,10
9.62,10
9.621,10
9.622,10
9.623,10
9.624,10
9.625,10
9.626,10
9.627,10
9.628,10
9.629,10
9.63,10
9.631,10
9.632,10
9.633,10
9.634,10
9.635,10
9.636,10
9.637,10
9.638,10
9.639,10
9.64,10
9.641,10
9.642,10
9.643,10
9.644,10
9.645,10
9.646,10
9.647,10
9.648,10
9.649,10
9.65,10
9.651,10
9.652,10
9.653,10
9.654,10
9.655,10
9.656,10
9.657,10
9.658,10
9.659,10
9.66,10
9.661,10
9.662,10
9.663,10
9.664,10
9.665,10
9.666,10
9.667,10
9.668,10
9.669,10
9.67,10
9.671,10
9.672,10
9.673,10
9.674,10
9.675,10
9.676,10
9.677,10
9.678,10
9.679,10
9.68,10
9.681,10
9.682,10
9.683,10
9.684,10
9.685,10
9.686,10
9.687,10
9.688,10
9.689,10
9.69,10
9.691,10
9.692,10
9.693,10
9.694,10
9.695,10
9.696,10
9.697,10
9.698,10
9.699,10
9.7,10
9.701,10
9.702,10
9.703,10
9.704,10
9.705,10
9.706,10
9.707,10
9.708,10
9.709,10
9.71,10
9.711,10
9.712,10
9.713,10
9.714,10
9.715,10
9.716,10
9.717,10
9.718,10
9.719,10
9.72,10
9.721,10
9.722,10
9.723,10
9.724,10
9.725,10
9.726,10
9.727,10
9.728,10
9.729,10
9.73,10
9.731,10
9.732,10
9.733,10
9.734,10
9.735,10
9.736,10
9.737,10
9.738,10
9.739,10
9.74,10
9.741,10
9.742,10
9.743,10
9.744,10
9.745,10
9.746,10
9.747,10
9.748,10
9.749,10
9.75,10
9.751,10
9.752,10
9.753,10
9.754,10
9.755,10
9.756,10
9.757,10
9.758,10
9.759,10
9.76,10
9.761,10
9.762,10
9.763,10
9.764,10
9.765,10
9.766,10
9.767,10
9.768,10
9.769,10
9.77,10
9.771,10
9.772,10
9.773,10
9.774,10
9.775,10
9.776,10
9.777,10
9.778,10
9.779,10
9.78,10
9.781,10
9.782,10
9.783,10
9.784,10
9.785,10
9.786,10
9.787,10
9.788,10
9.789,10
9.79,10
9.791,10
9.792,10
9.793,10
9.794,10
9.795,10
9.796,10
9.797,10
9.798,10
9.799,10
9.8,10
9.801,10
9.802,10
9.803,10
9.804,10
9.805,10
9.806,10
9.807,10
9.808,10
9.809,10
9.81,10
9.811,10
9.812,10
9.813,10
9.814,10
9.815,10
9.816,10
9.817,10
9.818,10
9.819,10
9.82,10
9.821,10
9.822,10
9.823,10
9.824,10
9.825,10
9.826,10
9.827,10
9.828,10
9.829,10
9.83,10
9.831,10
9.832,10
9.833,10
9.834,10
9.835,10
9.836,10
9.837,10
9.838,10
9.839,10
9.84,10
9.841,10
9.842,10
9.843,10
9.844,10
9.845,10
9.846,10
9.847,10
9.848,10
9.849,10
9.85,10
9.851,10
9.852,10
9.853,10
9.854,10
9.855,10
9.856,10
9.857,10
9.858,10
9.859,10
9.86,10
9.861,10
9.862,10
9.863,10
9.864,10
9.865,10
9.866,10
9.867,10
9.868,10
9.869,10
9.87,10
9.871,10
9.872,10
9.873,10
9.874,10
9.875,10
9.876,10
9.877,10
9.878,10
9.879,10
9.88,10
9.881,10
9.882,10
9.883,10
9.884,10
9.885,10
9.886,10
9.887,10
9.888,10
9.889,10
9.89,10
9.891,10
9.892,10
9.893,10
9.894,10
9.895,10
9.896,10
9.897,10
9.898,10
9.899,10
9.9,10
9.901,10
9.902,10
9.903,10
9.904,10
9.905,10
9.906,10
9.907,10
9.908,10
9.909,10
9.91,10
9.911,10
9.912,10
9.913,10
9.914,10
9.915,10
9.916,10
9.917,10
9.918,10
9.919,10
9.92,10
9.921,10
9.922,10
9.923,10
9.924,10
9.925,10
9.926,10
9.927,10
9.928,10
9.929,10
9.93,10
9.931,10
9.932,10
9.933,10
9.934,10
9.935,10
9.936,10
9.937,10
9.938,10
9.939,10
9.94,10
9.941,10
9.942,10
9.943,10
9.944,10
9.945,10
9.946,10
9.947,10
9.948,10
9.949,10
9.95,10
9.951,10
9.952,10
9.953,10
9.954,10
9.955,10
9.956,10
9.957,10
9.958,10
9.959,10
9.96,10
9.961,10
9.962,10
9.963,10
9.964,10
9.965,10
9.966,10
9.967,10
9.968,10
9.969,10
9.97,10
9.971,10
9.972,10
9.973,10
9.974,10
9.975,10
9.976,10
9.977,10
9.978,10
9.979,10
9.98,10
9.981,10
9.982,10
9.983,10
9.984,10
9.985,10
9.986,10
9.987,10
9.988,10
9.989,10
9.99,10
9.991,10
9.992,10
9.993,10
9.994,10
9.995,10
9.996,10
9.997,10
9.998,10
9.999,10
10,10
